,State,City,Pop,DataValue
0,AL,Butler,1739,"32,862"
1,AL,Cherokee,1004,"31,688"
2,AL,Clay,9646,"29,443"
3,AL,Cullman,15858,"35,144"
4,AL,Elmore,1441,"36,665"
5,AL,Fayette,4327,"30,747"
6,AL,Franklin,126,"30,044"
7,AL,Geneva,4335,"30,997"
8,AL,Jackson,4742,"32,986"
9,AL,Madison,50440,"45,274"
12,AL,Marion,3252,"29,422"
13,AL,Mobile,189572,"34,661"
14,AL,Montgomery,198218,"39,060"
15,AL,Talladega,15291,"30,917"
16,AL,Tuscaloosa,101113,"35,365"
17,AK,Anchorage Municipality,291538,"61,425"
18,AK,Bristol Bay Borough,877,"116,340"
19,AK,Fairbanks North Star Borough,98971,"52,179"
20,AK,Haines Borough,2474,"53,013"
21,AK,Juneau City and Borough,32113,"62,774"
22,AK,Kenai Peninsula Borough,58533,"50,466"
23,AK,Kodiak Island Borough,13345,"57,814"
24,AK,Matanuska-Susitna Borough,107610,"45,608"
25,AK,North Slope Borough,9872,"97,028"
26,AK,Northwest Arctic Borough,7671,"43,082"
27,AK,Sitka City and Borough,8647,"66,157"
28,AZ,Maricopa,50024,"41,197"
29,AZ,Pima,2512,"38,031"
30,AR,Benton,36403,"74,292"
31,AR,Bradley,528,"34,423"
32,AR,Conway,66426,"36,965"
33,AR,Franklin,191,"31,801"
34,AR,Fulton,194,"26,383"
35,AR,Garland,239,"35,645"
36,AR,Johnson,3736,"27,625"
37,AR,Lincoln,2474,"24,404"
38,AR,Lonoke,4262,"35,564"
39,AR,Madison,696,"32,411"
40,AR,Marion,12364,"27,465"
41,AR,Perry,274,"31,447"
43,AR,St. Francis,233,"25,498"
44,AR,Searcy,23768,"26,785"
45,AR,Van Buren,23691,"29,374"
46,AR,Washington,167,"35,135"
47,CA,Alameda,78338,"59,085"
48,CA,Colusa,5911,"41,877"
49,CA,Fresno,530093,"37,434"
50,CA,Imperial,17695,"32,890"
51,CA,Los Angeles,3990456,"52,233"
52,CA,Madera,65706,"35,754"
53,CA,Merced,83316,"35,361"
54,CA,Monterey,28289,"47,557"
55,CA,Napa,79263,"59,563"
56,CA,Orange,139484,"57,165"
57,CA,Riverside,330063,"34,753"
58,CA,Sacramento,508529,"45,187"
59,CA,San Bernardino,215941,"34,320"
60,CA,San Diego,1425976,"52,214"
61,CA,San Francisco,883305,"99,990"
62,CA,San Joaquin,4032,"37,643"
63,CA,San Luis Obispo,47446,"48,532"
64,CA,San Mateo,105025,"93,765"
65,CA,Santa Barbara,91350,"53,758"
66,CA,Santa Clara,129488,"79,055"
67,CA,Santa Cruz,64725,"56,549"
68,CA,Sonoma,11248,"51,565"
69,CA,Tehama,421,"36,005"
70,CA,Tulare,64475,"37,121"
71,CO,Alamosa,9997,"32,221"
72,CO,Crowley,167,"18,464"
73,CO,Delta,8920,"33,209"
74,CO,Denver,716492,"68,046"
75,CO,Dolores,958,"33,107"
76,CO,Eagle,6961,"60,847"
77,CO,Gunnison,6594,"40,429"
78,CO,Kiowa,757,"52,054"
79,CO,Kit Carson,238,"35,048"
80,CO,Las Animas,2190,"37,013"
81,CO,Moffat,120,"40,342"
82,CO,Montezuma,68,"39,527"
83,CO,Montrose,19512,"34,155"
84,CO,Ouray,1010,"51,437"
85,CO,Pitkin,72,"126,611"
86,CO,Pueblo,111750,"33,932"
87,CO,Saguache,504,"27,918"
88,CO,Sedgwick,140,"54,366"
89,CO,Yuma,3460,"52,760"
90,CT,Hartford,122587,"57,564"
92,CT,New Haven,130418,"50,286"
94,CT,New London,26939,"51,200"
96,CT,Fairfield,61952,"102,612"
97,CT,Litchfield,8127,"56,884"
98,CT,Tolland,14655,"50,980"
99,CT,Windham,24706,"41,381"
100,DE,New Castle,5529,"49,300"
101,FL,Alachua,9949,"38,638"
102,FL,Lee,328,"44,543"
103,FL,Madison,2797,"28,449"
104,FL,Okeechobee,5731,"28,601"
105,FL,Palm Beach,8802,"66,126"
106,FL,Sarasota,57738,"54,984"
107,FL,Seminole,18866,"41,339"
108,GA,Baldwin,3384,"29,192"
111,GA,Bartow,256,"33,267"
112,GA,Brooks,555,"31,146"
113,GA,Calhoun,16966,"21,655"
114,GA,Clayton,2183,"25,550"
115,GA,Cobb,346,"48,253"
116,GA,Colquitt,1824,"27,507"
117,GA,Crawford,832,"29,600"
118,GA,Dawson,4102,"37,402"
119,GA,Decatur,25732,"31,946"
120,GA,Douglas,11616,"31,349"
121,GA,Forsyth,4117,"54,651"
122,GA,Franklin,924,"32,534"
123,GA,Gordon,1882,"30,915"
124,GA,Haralson,193,"31,520"
127,GA,Jackson,5083,"34,627"
128,GA,Jasper,3941,"32,539"
129,GA,Jefferson,11704,"28,456"
130,GA,Lumpkin,1197,"31,917"
131,GA,Madison,4155,"31,698"
132,GA,Mitchell,193,"29,523"
133,GA,Monroe,13573,"39,206"
134,GA,Morgan,1846,"41,424"
135,GA,Newton,579,"29,625"
136,GA,Oconee,244,"55,452"
137,GA,Oglethorpe,1159,"34,291"
138,GA,Pulaski,269,"25,958"
139,GA,Quitman,3703,"26,489"
140,GA,Screven,761,"29,505"
141,GA,Washington,4001,"31,659"
142,GA,White,722,"30,534"
143,ID,Franklin,828,"32,130"
144,ID,Gooding,3473,"58,373"
145,ID,Jerome,11807,"37,126"
146,ID,Kootenai,922,"38,416"
147,ID,Minidoka,113,"35,533"
148,ID,Payette,7527,"35,582"
149,ID,Shoshone,1511,"33,851"
150,ID,Teton,733,"31,214"
151,ID,Twin Falls,49764,"35,300"
152,IL,Champaign,88029,"42,659"
154,IL,Clinton,6927,"42,048"
158,IL,DeKalb,42611,"35,809"
163,IL,Effingham,12627,"43,646"
168,IL,Fulton,3346,"33,854"
172,IL,Hamilton,2740,"41,048"
174,IL,Henry,2232,"42,246"
176,IL,Kankakee,26052,"36,138"
183,IL,LaSalle,9064,"39,378"
190,IL,McHenry,27022,"48,027"
194,IL,Macon,1120,"44,811"
196,IL,Madison,3794,"40,943"
202,IL,Marion,17620,"38,112"
207,IL,Marshall,3843,"42,080"
212,IL,Mason,335,"38,936"
214,IL,Peoria,111388,"46,148"
220,IL,Rock Island,37678,"39,842"
227,IL,Washington,16704,"46,128"
231,IL,Boone,1934,"40,608"
232,IL,Lee,308,"37,889"
234,IL,Bureau,233,"39,270"
235,IL,Brown,2054,"29,522"
236,IL,Scott,1235,"37,014"
238,IL,Johnson,644,"30,786"
240,IL,Douglas,157,"45,461"
243,IL,Wabash,2152,"41,797"
244,IL,Lake,941,"68,199"
245,IL,Morgan,345,"36,602"
246,IL,Montgomery,637,"33,349"
248,IL,Union,677,"37,679"
252,IL,Franklin,2473,"34,652"
253,IL,De Witt,461,"48,628"
254,IL,Wayne,66483,"40,354"
255,IL,Edgar,449,"37,073"
256,IL,Jackson,1203,"33,046"
258,IL,Pope,214,"26,405"
259,IL,Cass,601,"38,103"
260,IL,Kane,926,"44,432"
261,IL,Hancock,239,"42,145"
262,IL,Iroquois,581,"40,167"
263,IL,Jersey,9823,"36,597"
264,IL,Warren,1479,"36,696"
266,IL,Kendall,8946,"43,074"
267,IL,Henderson,1088,"39,188"
268,IL,Knox,4794,"36,417"
269,IL,Adams,1567,"40,921"
270,IL,Richland,363,"39,787"
273,IL,Bond,619,"32,859"
274,IL,Lawrence,6355,"32,979"
275,IL,Fayette,255,"31,527"
276,IL,Pike,225,"39,140"
277,IL,Randolph,4447,"32,226"
278,IL,Saline,6278,"36,996"
279,IL,Greene,1543,"34,501"
281,IL,Mercer,3872,"40,702"
282,IL,Monroe,1485,"50,446"
283,IL,Logan,3104,"35,205"
284,IL,Sangamon,2333,"43,441"
285,IL,Hardin,204,"34,034"
286,IL,Perry,574,"34,612"
287,IL,St. Clair,35047,"39,740"
288,IL,Jefferson,255,"35,726"
289,IL,Carroll,578,"40,981"
290,IL,Jasper,1722,"42,512"
291,IL,Will,1805,"45,465"
292,IL,Winnebago,5098,"38,275"
293,IN,Clinton,4717,"34,936"
301,IN,Decatur,9843,"38,304"
305,IN,Elkhart,52367,"38,511"
314,IN,Franklin,25248,"40,595"
335,IN,Fulton,318,"36,386"
337,IN,Hamilton,1580,"64,213"
343,IN,Huntington,17019,"37,086"
347,IN,Jasper,15568,"40,597"
351,IN,Knox,3535,"41,101"
353,IN,Lagrange,2748,"34,987"
356,IN,Lawrence,49046,"34,913"
358,IN,Madison,11879,"33,764"
373,IN,Marion,28047,"46,320"
393,IN,Marshall,319,"36,406"
395,IN,Monroe,879,"35,012"
414,IN,Montgomery,347,"37,697"
418,IN,Morgan,976,"39,004"
422,IN,Porter,4825,"45,101"
424,IN,Spencer,2248,"39,496"
428,IN,Sullivan,4097,"31,374"
429,IN,Tipton,5104,"40,206"
431,IN,Wabash,10054,"38,314"
440,IN,Warren,1209,"42,455"
447,IN,Washington,12149,"33,987"
494,IN,Wayne,952,"36,972"
511,IN,Jefferson,1131,"37,002"
539,IN,Union,962,"34,404"
573,IN,Adams,34460,"35,449"
583,IN,Jackson,532,"38,888"
628,IN,Lake,2433,"38,485"
631,IN,Perry,30956,"33,711"
645,IN,St. Joseph,75633,"41,274"
646,IN,Clay,3540,"33,864"
663,IN,Harrison,4132,"37,177"
687,IN,Ohio,1930,"35,220"
691,IN,Grant,1031,"35,592"
695,IN,Tippecanoe,2357,"34,210"
700,IN,Boone,1446,"62,698"
706,IN,Miami,1273,"31,354"
707,IN,Noble,1915,"34,625"
714,IN,Owen,1095,"33,173"
718,IN,Cass,338,"34,954"
726,IN,Posey,3931,"45,646"
733,IN,Johnson,499,"42,691"
741,IN,Jennings,1416,"34,177"
745,IN,Delaware,3475,"32,666"
748,IN,Benton,3128,"39,432"
750,IN,Orange,700,"31,901"
753,IN,Henry,2934,"33,164"
755,IN,Brown,2647,"40,633"
761,IN,Howard,2558,"36,841"
764,IN,Newton,794,"36,608"
765,IN,Greene,968,"34,568"
768,IN,Pike,875,"36,602"
772,IN,Shelby,1129,"39,033"
776,IN,Clark,2715,"40,151"
779,IN,Vigo,3964,"34,509"
780,IN,Scott,1721,"33,426"
784,IN,Allen,670,"40,471"
786,IN,Ripley,985,"37,430"
788,IN,Randolph,4170,"35,269"
790,IN,Floyd,4051,"47,171"
791,IN,Hendricks,1276,"42,937"
792,IN,Steuben,2859,"36,506"
794,IN,Vermillion,877,"35,532"
795,IN,Fayette,2600,"35,734"
796,IN,Gibson,1168,"40,959"
797,IA,Adair,704,"45,386"
800,IA,Audubon,1912,"46,872"
801,IA,Benton,41,"47,565"
802,IA,Boone,12470,"45,036"
803,IA,Carroll,9812,"49,617"
804,IA,Cherokee,4900,"55,347"
805,IA,Clayton,39,"44,107"
806,IA,Clinton,25184,"39,659"
807,IA,Delaware,151,"44,837"
808,IA,Des Moines,216853,"46,007"
811,IA,Dubuque,57941,"42,870"
812,IA,Fayette,1374,"39,680"
813,IA,Floyd,318,"41,127"
814,IA,Franklin,134,"50,235"
815,IA,Fremont,718,"43,944"
816,IA,Greene,1068,"48,116"
819,IA,Hamilton,133,"50,618"
820,IA,Hancock,195,"50,657"
821,IA,Humboldt,4589,"45,629"
822,IA,Jefferson,4148,"37,397"
823,IA,Keokuk,10274,"42,783"
824,IA,Lucas,209,"37,890"
825,IA,Marion,39979,"40,851"
826,IA,Marshall,27068,"38,463"
827,IA,Mitchell,131,"57,565"
828,IA,Monona,1477,"43,238"
829,IA,Monroe,1874,"38,175"
830,IA,Muscatine,23817,"42,450"
831,IA,Osceola,5193,"57,030"
832,IA,Plymouth,363,"52,006"
833,IA,Pocahontas,1663,"51,035"
834,IA,Shelby,616,"50,283"
837,IA,Tama,2745,"40,729"
838,IA,Union,382,"37,907"
839,IA,Wapello,2026,"34,477"
840,IA,Washington,7309,"51,235"
841,IA,Webster,71,"42,161"
842,KS,Allen,174,"36,328"
845,KS,Atchison,10560,"33,996"
846,KS,Chase,436,"41,188"
847,KS,Chautauqua,93,"40,592"
848,KS,Cherokee,709,"32,957"
851,KS,Ellis,2029,"47,125"
853,KS,Ellsworth,2999,"38,612"
855,KS,Ford,217,"32,681"
857,KS,Greeley,296,"49,392"
860,KS,Hamilton,243,"70,366"
861,KS,Harper,1333,"44,958"
863,KS,Jewell,398,"45,261"
864,KS,Kingman,2906,"41,913"
866,KS,Kiowa,941,"31,897"
868,KS,Labette,72,"37,052"
870,KS,Lane,226,"79,792"
873,KS,Leavenworth,36062,"38,217"
874,KS,Linn,385,"32,225"
876,KS,Logan,542,"46,771"
896,KS,McPherson,13077,"47,435"
899,KS,Marion,1787,"36,386"
905,KS,Meade,1565,"55,983"
906,KS,Norton,2768,"41,647"
908,KS,Osborne,1291,"42,878"
910,KS,Ottawa,12267,"36,310"
913,KS,Pratt,6630,"45,391"
914,KS,Republic,108,"44,780"
917,KS,Riley,954,"38,338"
918,KS,Russell,4463,"52,011"
920,KS,Sedgwick,1641,"50,815"
924,KS,Seward,63,"36,597"
926,KS,Shawnee,65845,"41,498"
928,KS,Stafford,956,"56,581"
930,KS,Wallace,59,"51,833"
932,KS,Washington,1062,"43,948"
946,KS,Wichita,389255,"83,074"
947,KS,Wilson,736,"39,854"
952,KS,Osage,242,"36,926"
957,KS,Jackson,451,"36,827"
966,KS,Lincoln,188,"36,138"
992,KS,Cheyenne,194,"42,686"
994,KS,Comanche,438,"38,696"
995,KS,Grant,50,"51,243"
1017,KS,Franklin,347,"37,003"
1025,KS,Pawnee,298,"42,814"
1028,KS,Scott,2265,"67,443"
1032,KS,Clay,70,"39,251"
1034,KS,Jefferson,614,"38,324"
1040,KS,Crawford,590,"33,475"
1042,KS,Lyon,523,"33,378"
1047,KS,Neosho,263,"35,565"
1050,KS,Sheridan,212,"52,677"
1057,KS,Elk,743,"39,799"
1059,KS,Pottawatomie,197,"48,438"
1062,KS,Harvey,92,"38,197"
1064,KS,Sherman,537,"36,625"
1074,KS,Thomas,54,"39,719"
1075,KS,Greenwood,464,"40,168"
1077,KS,Gove,153,"53,858"
1078,KS,Graham,52,"49,814"
1079,KS,Haskell,1950,"74,156"
1080,KS,Reno,1506,"36,148"
1082,KS,Stanton,182,"55,496"
1085,KS,Clark,140,"51,097"
1086,KS,Miami,545,"41,823"
1088,KS,Mitchell,256,"49,249"
1090,KS,Nemaha,153,"50,505"
1091,KS,Johnson,63,"63,277"
1092,KS,Sumner,157,"36,574"
1096,KS,Morton,439,"38,439"
1099,KS,Douglas,108,"37,883"
1100,KS,Morris,24,"39,588"
1101,KS,Smith,266,"40,583"
1102,KS,Wabaunsee,521,"45,431"
1103,KY,Allen,176,"28,593"
1104,KY,Butler,582,"31,131"
1105,KY,Carlisle,1959,"42,485"
1106,KY,Clay,1117,"27,255"
1107,KY,Clinton,1263,"29,631"
1108,KY,Crittenden,3899,"33,019"
1111,KY,Cumberland,1967,"30,581"
1112,KY,Franklin,8969,"38,667"
1113,KY,Fulton,2176,"32,758"
1114,KY,Grayson,3944,"30,255"
1115,KY,Greenup,1116,"36,320"
1116,KY,Hardin,610,"38,575"
1117,KY,Harlan,1531,"27,778"
1118,KY,Henderson,28432,"36,154"
1119,KY,Hickman,2156,"44,746"
1120,KY,Jackson,1979,"26,195"
1121,KY,Jefferson,27997,"44,719"
1122,KY,Livingston,219,"33,691"
1123,KY,Marion,2872,"31,651"
1124,KY,Martin,560,"25,670"
1125,KY,Morgan,2407,"24,605"
1126,KY,Russell,3245,"31,076"
1127,KY,Union,5930,"33,296"
1129,LA,Franklin,6786,"27,693"
1130,LA,Jackson,3725,"32,037"
1131,LA,Lafayette,126143,"53,215"
1132,LA,Livingston,1955,"37,337"
1133,LA,Natchitoches,17831,"33,525"
1134,LA,Washington,929,"30,972"
1135,ME,Cumberland,8165,"51,659"
1136,ME,Franklin,1547,"35,108"
1137,ME,Hancock,2415,"44,349"
1138,ME,Penobscot,1211,"36,425"
1139,ME,Washington,1512,"35,752"
1140,ME,Oxford,4101,"33,163"
1141,ME,Lincoln,4908,"44,159"
1142,ME,Knox,792,"42,538"
1143,ME,Waldo,860,"36,097"
1144,ME,York,13151,"44,437"
1145,MD,Baltimore,602495,"53,832"
1147,MD,Charles,1195,"50,620"
1148,MD,Frederick,72146,"53,601"
1149,MD,Somerset,1280,"29,709"
1150,MA,Worcester,185877,"49,121"
1151,MA,Essex,3789,"57,540"
1152,MA,Hampden,5220,"44,760"
1153,MA,Nantucket,11327,"106,895"
1154,MA,Norfolk,11988,"77,194"
1155,MA,Plymouth,60803,"56,571"
1156,MI,Allegan,5034,"38,552"
1158,MI,Alpena,9963,"35,078"
1160,MI,Charlevoix,2499,"43,027"
1162,MI,Cheboygan,4712,"33,728"
1163,MI,Clare,3069,"29,615"
1168,MI,Gladwin,2887,"30,730"
1170,MI,Hillsdale,8049,"31,050"
1172,MI,Houghton,7993,"32,322"
1174,MI,Ionia,10952,"30,260"
1176,MI,Jackson,32605,"34,054"
1177,MI,Kalamazoo,76545,"41,547"
1178,MI,Lapeer,8621,"36,820"
1180,MI,Manistee,6116,"32,946"
1182,MI,Marquette,20680,"35,194"
1184,MI,Mason,8458,"35,709"
1187,MI,Menominee,8108,"37,545"
1189,MI,Midland,41800,"40,836"
1194,MI,Monroe,19715,"39,996"
1196,MI,Muskegon,37287,"33,447"
1197,MI,Newaygo,2058,"32,273"
1198,MI,Otsego,4002,"36,169"
1200,MI,Saginaw,48323,"34,086"
1201,MI,St. Clair,5306,"37,646"
1203,MI,St. Joseph,8355,"32,629"
1204,MI,Wayne,16896,"36,914"
1206,MI,Alcona,913,"32,714"
1207,MI,Lake,5847,"27,540"
1214,MI,Arenac,853,"32,089"
1215,MI,Baraga,3595,"29,722"
1216,MI,Barry,3495,"39,022"
1217,MI,Berrien,5027,"40,046"
1218,MI,Bay,1126,"36,517"
1219,MI,Chippewa,211,"29,311"
1222,MI,Eaton,4132,"36,492"
1223,MI,Osceola,1841,"31,532"
1225,MI,Schoolcraft,1798,"34,505"
1227,MI,Huron,416,"40,869"
1228,MI,Ingham,2524,"35,503"
1229,MI,Isabella,2249,"31,088"
1230,MI,Kalkaska,4897,"31,621"
1231,MI,Leelanau,2025,"61,797"
1232,MI,Clinton,3538,"39,611"
1234,MI,Iosco,3847,"32,125"
1235,MI,Macomb,90758,"40,077"
1236,MI,Branch,1351,"31,693"
1237,MI,Mecosta,2676,"28,828"
1238,MI,Montcalm,3400,"29,737"
1239,MI,Montmorency,1059,"31,075"
1240,MI,Ogemaw,1180,"30,350"
1241,MI,Ontonagon,2220,"33,752"
1242,MI,Livingston,2585,"47,921"
1243,MI,Presque Isle,1575,"33,073"
1244,MI,Roscommon,4324,"31,989"
1245,MI,Sanilac,2311,"32,829"
1246,MI,Antrim,2095,"39,601"
1247,MI,Shiawassee,2734,"33,682"
1248,MI,Tuscola,1948,"32,892"
1249,MI,Wexford,1103,"31,465"
1250,MN,Aitkin,2001,"35,185"
1252,MN,Anoka,17543,"44,544"
1253,MN,Becker,4912,"42,497"
1256,MN,Beltrami,102,"36,353"
1257,MN,Blue Earth,3133,"41,843"
1258,MN,Carlton,1039,"37,416"
1259,MN,Carver,4960,"62,392"
1260,MN,Clearwater,1799,"38,105"
1265,MN,Cook,563,"46,912"
1266,MN,Cottonwood,1245,"45,729"
1268,MN,Dakota,308,"52,542"
1269,MN,Faribault,23851,"39,312"
1270,MN,Freeborn,276,"39,340"
1272,MN,Goodhue,1178,"47,511"
1274,MN,Grant,4152,"47,075"
1275,MN,Houston,966,"45,395"
1277,MN,Isanti,5901,"38,327"
1279,MN,Jackson,3201,"49,921"
1281,MN,Kandiyohi,479,"45,733"
1283,MN,Le Sueur,4019,"42,843"
1287,MN,Mahnomen,1242,"34,463"
1288,MN,Marshall,13530,"45,141"
1290,MN,Nicollet,1151,"44,555"
1292,MN,Pipestone,4021,"54,075"
1293,MN,Ramsey,26928,"47,960"
1294,MN,Renville,1189,"49,426"
1295,MN,Rice,1377,"38,617"
1297,MN,Roseau,2660,"42,816"
1298,MN,Wabasha,2477,"43,540"
1299,MN,Wadena,4094,"35,655"
1305,MN,Waseca,8904,"44,837"
1306,MN,Winona,26813,"43,901"
1307,MN,Wright,126,"43,626"
1309,MN,Morrison,198,"38,188"
1310,MN,Big Stone,268,"49,247"
1311,MN,Lincoln,200,"45,516"
1313,MN,Benton,827,"38,515"
1314,MN,Lake,2221,"43,372"
1317,MN,Itasca,133,"37,927"
1318,MN,Crow Wing,2092,"39,815"
1319,MN,Douglas,755,"47,165"
1320,MN,Fillmore,478,"41,274"
1321,MN,Clay,75,"39,771"
1322,MN,Hubbard,798,"36,535"
1324,MN,Todd,1438,"37,325"
1325,MN,Kanabec,932,"36,612"
1326,MN,Lac qui Parle,164,"52,937"
1327,MN,Washington,739,"57,716"
1328,MN,Murray,172,"55,025"
1329,MN,Traverse,340,"52,402"
1330,MN,Otter Tail,491,"43,755"
1331,MN,Norman,257,"39,225"
1333,MN,Rock,177,"51,342"
1334,MN,Martin,379,"48,864"
1335,MN,Sibley,252,"43,743"
1336,MN,Scott,145,"51,927"
1337,MN,Stevens,72,"54,452"
1338,MS,Coahoma,329,"30,204"
1339,MS,George,277,"31,656"
1340,MS,Grenada,12466,"31,056"
1341,MS,Jackson,164422,"34,845"
1345,MS,Jones,1121,"37,554"
1346,MS,Madison,25676,"58,444"
1347,MS,Marion,1479,"29,193"
1348,MS,Newton,3223,"33,198"
1349,MS,Pontotoc,6144,"29,277"
1350,MS,Prentiss,952,"27,723"
1351,MS,Quitman,2111,"24,420"
1352,MS,Sunflower,1007,"26,883"
1353,MS,Tishomingo,331,"29,121"
1354,MS,Tunica,916,"30,581"
1355,MS,Union,1924,"29,254"
1358,MO,Benton,857,"33,046"
1361,MO,Butler,4038,"33,838"
1363,MO,Camden,186,"33,069"
1365,MO,Cape Girardeau,39853,"39,642"
1368,MO,Clark,290,"34,319"
1372,MO,Clinton,8947,"39,940"
1377,MO,Franklin,95,"38,008"
1379,MO,Gasconade,214,"34,772"
1380,MO,Holt,475,"46,764"
1383,MO,Jackson,14994,"40,881"
1392,MO,Jasper,965,"35,333"
1393,MO,Laclede,327,"31,349"
1394,MO,Lewis,515,"33,665"
1395,MO,Lincoln,1191,"34,561"
1402,MO,Linn,1607,"36,069"
1403,MO,Macon,5355,"35,456"
1404,MO,Madison,541,"33,844"
1408,MO,Mercer,304,"38,727"
1409,MO,Miller,683,"32,258"
1411,MO,New Madrid,2857,"30,964"
1412,MO,Oregon,765,"27,034"
1413,MO,Ozark,20188,"27,850"
1416,MO,Perry,694,"36,259"
1417,MO,Ray,28993,"36,379"
1418,MO,St. Charles,70764,"46,189"
1419,MO,St. Clair,4698,"28,289"
1420,MO,Ste. Genevieve,4442,"35,322"
1421,MO,St. Louis,302838,"61,078"
1423,MO,Sullivan,7108,"42,852"
1426,MO,Washington,14055,"26,048"
1435,MO,Howard,527,"35,953"
1437,MO,Osage,1714,"42,259"
1440,MO,Chariton,234,"43,074"
1441,MO,Harrison,81,"33,842"
1445,MO,Jefferson,502,"36,892"
1450,MO,Marion,222,"36,467"
1454,MO,Monroe,151,"41,250"
1457,MO,Dallas,328,"29,793"
1459,MO,Polk,743,"30,573"
1461,MO,Clay,1325,"43,140"
1464,MO,Cooper,1849,"34,347"
1465,MO,Morgan,1431,"37,968"
1466,MO,Atchison,366,"53,154"
1467,MO,Nodaway,771,"28,986"
1468,MO,Pike,3726,"32,905"
1469,MO,Boone,316,"42,194"
1470,MO,Carroll,1032,"44,693"
1471,MO,Cass,1233,"40,815"
1472,MO,Henry,222,"38,036"
1473,MT,Cascade,685,"41,893"
1474,MT,Deer Lodge,2916,"34,245"
1475,MT,Missoula,74428,"40,858"
1476,MT,Sheridan,750,"57,613"
1477,MT,Wibaux,625,"46,461"
1478,NE,Franklin,942,"42,262"
1481,NE,Grant,1131,"57,030"
1487,NE,Kearney,33761,"84,898"
1488,NE,Kimball,2360,"45,619"
1489,NE,Lincoln,287401,"46,012"
1495,NE,Madison,2381,"44,682"
1497,NE,Pierce,1726,"55,980"
1498,NE,Seward,7220,"45,424"
1499,NE,Stanton,1511,"42,472"
1501,NE,Valley,2845,"42,877"
1503,NE,Wayne,5622,"42,017"
1505,NE,York,7866,"45,992"
1506,NE,Blaine,193,"76,590"
1509,NE,Logan,71,"52,193"
1518,NE,Platte,165,"45,694"
1520,NE,Richardson,401,"45,607"
1521,NE,Sheridan,81,"48,447"
1523,NE,Cuming,233,"76,262"
1525,NE,Garfield,225,"49,578"
1527,NE,Sherman,530,"42,473"
1531,NE,Custer,103,"50,971"
1532,NE,Hayes,27,"67,864"
1534,NE,Loup,130,"63,956"
1537,NE,Hooker,210,"62,747"
1539,NE,Webster,868,"46,771"
1540,NE,Hamilton,118,"49,510"
1541,NE,Antelope,205,"53,502"
1543,NE,Washington,117,"50,337"
1545,NE,Adams,912,"45,289"
1546,NE,Holt,439,"54,408"
1547,NE,Nemaha,567,"46,991"
1548,NE,Jefferson,112,"47,692"
1549,NE,Cedar,61,"55,188"
1550,NE,Butler,619,"45,842"
1551,NE,Douglas,202,"57,890"
1552,NE,Dawes,352,"36,465"
1553,NE,Thayer,130,"52,541"
1554,NV,Carson City,55414,"42,537"
1555,NV,Elko,20341,"42,169"
1556,NH,Sullivan,675,"45,755"
1557,NH,Carroll,742,"50,020"
1558,NH,Grafton,1336,"52,320"
1559,NH,Hillsborough,5992,"53,343"
1560,NH,Merrimack,25969,"51,831"
1561,NH,Strafford,4186,"43,174"
1562,NJ,Burlington,9884,"53,760"
1564,NJ,Camden,73973,"46,905"
1565,NJ,Cape May,3448,"51,473"
1566,NJ,Morris,19145,"84,260"
1568,NJ,Passaic,69948,"45,746"
1569,NJ,Salem,4747,"43,087"
1570,NJ,Gloucester,63884,"47,392"
1571,NJ,Union,5525,"59,230"
1573,NJ,Ocean,26708,"44,949"
1575,NJ,Warren,15745,"49,188"
1576,NM,Bernalillo,10105,"38,593"
1577,NM,Santa Fe,84612,"50,557"
1578,NM,Socorro,8407,"31,804"
1579,NM,Taos,5971,"33,342"
1580,NY,Albany,97279,"53,791"
1581,NY,Cortland,18713,"35,030"
1582,NY,Fulton,11243,"36,869"
1584,NY,New York,8398748,"151,128"
1590,NY,Oneida,10912,"38,764"
1591,NY,Oswego,17337,"34,968"
1593,NY,Rensselaer,9212,"42,725"
1594,NY,Schenectady,65575,"45,851"
1595,NY,Genesee,1608,"39,185"
1596,NY,Chenango,10596,"36,583"
1597,NY,Allegany,7597,"31,518"
1598,NY,Chautauqua,4256,"36,101"
1599,NY,Chemung,2462,"39,502"
1600,NY,Greene,5084,"41,786"
1601,NY,Clinton,710,"38,463"
1603,NY,Livingston,3473,"36,686"
1604,NY,Franklin,2257,"33,508"
1606,NY,Tompkins,1148,"39,067"
1607,NY,Washington,4613,"35,304"
1608,NY,Essex,636,"39,500"
1609,NY,Lewis,1306,"41,061"
1611,NY,Columbia,1517,"48,801"
1612,NY,Herkimer,9677,"36,386"
1613,NY,Schuyler,3329,"38,118"
1614,NY,Warren,1094,"45,095"
1615,NY,Orleans,2731,"34,128"
1616,NY,Hamilton,6443,"46,724"
1617,NY,Madison,2900,"38,109"
1618,NY,Sullivan,15149,"38,880"
1619,NY,Niagara,8005,"39,110"
1620,NY,Steuben,1127,"39,559"
1621,NY,Onondaga,22554,"45,252"
1622,NY,Richmond,3246,"48,150"
1623,NY,Seneca,2683,"34,271"
1624,NY,Monroe,19791,"45,897"
1625,NY,Montgomery,24022,"36,597"
1626,NY,Yates,2419,"35,437"
1627,NY,Otsego,3717,"37,645"
1628,NY,Nassau,4783,"75,376"
1629,NY,Orange,50092,"45,306"
1631,NY,Saratoga,5725,"55,809"
1632,NY,Broome,989,"38,276"
1633,NY,Jefferson,1421,"42,753"
1634,NY,Schoharie,3002,"34,651"
1635,NY,Wayne,988,"39,367"
1636,NY,Delaware,2579,"34,602"
1637,NY,Rockland,3678,"53,434"
1638,NY,Tioga,4690,"41,958"
1639,NY,Ulster,12593,"42,913"
1640,NY,Putnam,576,"57,163"
1641,NY,Ontario,10088,"45,771"
1642,NC,Beaufort,4391,"37,538"
1643,NC,Brunswick,971,"36,576"
1644,NC,Catawba,620,"38,414"
1645,NC,Cleveland,881,"32,809"
1646,NC,Columbus,995,"29,340"
1647,NC,Davidson,12921,"34,484"
1650,NC,Durham,274291,"43,817"
1654,NC,Franklin,4042,"31,256"
1655,NC,Gaston,1030,"36,378"
1656,NC,Graham,15086,"29,056"
1657,NC,Halifax,207,"31,456"
1658,NC,Henderson,14936,"37,444"
1659,NC,Hertford,2113,"28,555"
1660,NC,Jackson,461,"28,836"
1661,NC,Lenoir,17938,"35,597"
1662,NC,Macon,111,"34,734"
1663,NC,Madison,2118,"29,263"
1664,NC,Rockingham,8776,"33,261"
1665,NC,Washington,9536,"31,729"
1666,NC,Wilson,49329,"36,166"
1667,ND,Adams,120,"49,203"
1669,ND,Bottineau,2205,"57,358"
1670,ND,Bowman,1608,"67,676"
1672,ND,Cavalier,1264,"59,955"
1674,ND,Dickey,39,"55,428"
1675,ND,Golden Valley,168,"53,894"
1677,ND,Grand Forks,56948,"46,131"
1679,ND,Hettinger,1211,"51,356"
1681,ND,LaMoure,896,"51,942"
1682,ND,McHenry,54,"49,514"
1684,ND,Mercer,92,"53,664"
1686,ND,Pembina,553,"50,471"
1688,ND,Rolette,599,"32,024"
1689,ND,Steele,710,"59,264"
1690,ND,Towner,535,"43,906"
1691,ND,Nelson,56,"53,320"
1692,ND,Pierce,69,"41,871"
1693,ND,Renville,31,"55,901"
1694,ND,Richland,18,"43,573"
1695,ND,Ward,54,"58,394"
1696,ND,Logan,37,"53,088"
1697,ND,McKenzie,99,"81,696"
1698,ND,Morton,45,"50,815"
1699,ND,Barnes,21,"49,276"
1700,ND,Billings,12,"94,629"
1701,ND,Divide,75,"65,769"
1702,ND,Eddy,38,"49,167"
1703,ND,Williams,15,"102,808"
1705,ND,Sheridan,27,"31,196"
1706,ND,Sioux,155,"26,476"
1707,ND,Burke,41,"87,338"
1708,ND,Mountrail,32,"72,079"
1709,ND,Grant,105,"40,458"
1710,ND,Ransom,52,"43,100"
1711,ND,Sargent,30,"53,801"
1712,ND,Wells,84,"52,036"
1713,ND,Oliver,10,"46,166"
1714,OH,Ashland,20423,"34,388"
1715,OH,Ashtabula,18079,"34,087"
1719,OH,Athens,24688,"30,284"
1724,OH,Columbiana,6231,"34,446"
1731,OH,Coshocton,11054,"32,279"
1732,OH,Defiance,16663,"37,310"
1737,OH,Delaware,39930,"63,042"
1746,OH,Fairfield,42613,"40,094"
1758,OH,Franklin,11686,"45,894"
1780,OH,Hamilton,62174,"51,996"
1785,OH,Harrison,11608,"34,136"
1807,OH,Huron,6893,"36,022"
1809,OH,Jackson,6242,"32,512"
1847,OH,Logan,7050,"37,574"
1851,OH,Lorain,64028,"40,458"
1852,OH,Marion,36087,"32,292"
1865,OH,Medina,26072,"47,712"
1870,OH,Monroe,13887,"29,895"
1897,OH,Montgomery,10805,"41,017"
1901,OH,Sandusky,24714,"36,561"
1905,OH,Shelby,9030,"40,925"
1910,OH,Union,6783,"44,855"
1943,OH,Van Wert,10680,"37,490"
1946,OH,Warren,38382,"50,919"
1952,OH,Jefferson,1011,"34,487"
1976,OH,Meigs,3780,"30,516"
1978,OH,Wayne,1296,"38,859"
2000,OH,Auglaize,2657,"42,446"
2002,OH,Perry,3407,"32,356"
2029,OH,Richland,6123,"35,138"
2041,OH,Lake,725,"44,891"
2045,OH,Morgan,2097,"29,734"
2051,OH,Trumbull,1353,"35,997"
2052,OH,Noble,1704,"24,020"
2055,OH,Washington,1858,"37,943"
2099,OH,Clark,3030,"36,077"
2103,OH,Pike,4115,"32,934"
2111,OH,Madison,8934,"36,398"
2131,OH,Ross,8885,"32,677"
2134,OH,Brown,7482,"31,949"
2142,OH,Adams,1073,"30,254"
2152,OH,Miami,42554,"41,460"
2157,OH,Butler,3448,"40,702"
2163,OH,Knox,4201,"38,388"
2168,OH,Crawford,1853,"34,696"
2170,OH,Tuscarawas,1849,"38,918"
2172,OH,Holmes,1262,"36,069"
2173,OH,Allen,1085,"36,813"
2177,OH,Highland,2286,"31,379"
2179,OH,Scioto,3543,"33,430"
2184,OH,Hocking,4833,"32,511"
2185,OH,Clinton,4102,"38,592"
2192,OH,Fulton,3210,"39,673"
2193,OH,Portage,710,"39,111"
2196,OH,Fayette,8859,"33,952"
2197,OH,Lawrence,2473,"33,507"
2201,OH,Licking,4899,"40,333"
2203,OH,Seneca,447,"34,204"
2206,OH,Summit,610,"45,112"
2207,OH,Muskingum,4538,"36,560"
2209,OH,Carroll,2100,"35,185"
2210,OH,Erie,1202,"57,133"
2211,OH,Paulding,3839,"36,922"
2212,OH,Pickaway,2112,"36,123"
2213,OH,Ottawa,7764,"44,317"
2214,OH,Greene,965,"43,515"
2215,OH,Vinton,538,"29,491"
2216,OH,Henry,4321,"39,851"
2217,OK,Adair,818,"26,217"
2218,OK,Atoka,3131,"29,639"
2219,OK,Beaver,1404,"54,140"
2220,OK,Caddo,1082,"33,574"
2221,OK,Canadian,205,"43,656"
2222,OK,Carter,239,"42,438"
2223,OK,Cherokee,1507,"29,129"
2224,OK,Choctaw,12624,"30,261"
2225,OK,Cleveland,3148,"42,448"
2226,OK,Comanche,1567,"37,682"
2227,OK,Delaware,404,"29,398"
2228,OK,Dewey,3406,"44,761"
2229,OK,Garvin,254,"38,125"
2230,OK,Haskell,1923,"34,161"
2231,OK,Jefferson,8,"35,341"
2232,OK,Kingfisher,4924,"46,789"
2233,OK,Kiowa,675,"36,218"
2234,OK,Le Flore,176,"31,273"
2235,OK,McCurtain,504,"30,316"
2236,OK,Marshall,299,"31,123"
2237,OK,Muskogee,37402,"33,556"
2238,OK,Noble,6874,"42,917"
2239,OK,Nowata,3612,"34,347"
2240,OK,Okmulgee,11795,"31,883"
2243,OK,Osage,155,"34,574"
2244,OK,Pawnee,2117,"34,000"
2245,OK,Pittsburg,196,"34,939"
2246,OK,Seminole,7172,"34,254"
2247,OK,Tulsa,400669,"71,431"
2252,OK,Wagoner,9061,"36,245"
2253,OK,Washington,659,"56,275"
2254,OK,Woodward,12162,"51,653"
2255,OR,Hood River,7806,"44,061"
2256,OR,Jefferson,3366,"29,736"
2257,OR,Tillamook,5311,"37,857"
2258,OR,Umatilla,7171,"33,773"
2259,OR,Union,2212,"35,343"
2260,OR,Wallowa,817,"40,506"
2261,OR,Wasco,393,"38,229"
2262,OR,Wheeler,437,"33,404"
2263,OR,Yamhill,1172,"37,891"
2264,PA,Adams,1847,"43,154"
2272,PA,Beaver,970,"41,977"
2278,PA,Bradford,8280,"37,530"
2281,PA,Butler,12993,"50,199"
2286,PA,Chester,33909,"72,118"
2288,PA,Erie,96471,"39,260"
2289,PA,Franklin,6078,"40,966"
2307,PA,Lancaster,59420,"44,259"
2310,PA,Lebanon,25902,"41,174"
2312,PA,Mifflin,912,"34,289"
2316,PA,Philadelphia,1584138,"49,341"
2317,PA,Snyder,320,"37,269"
2320,PA,Union,9835,"35,578"
2339,PA,Warren,9124,"41,523"
2342,PA,Washington,13508,"50,489"
2365,PA,York,44118,"42,911"
2367,PA,Cumberland,6256,"48,865"
2369,PA,Indiana,7168,"35,033"
2370,PA,Perry,331,"38,499"
2379,PA,Wayne,1123,"36,740"
2388,PA,Greene,2369,"41,836"
2395,PA,Potter,568,"35,073"
2397,PA,Bedford,5172,"36,009"
2398,PA,Juniata,941,"36,266"
2402,PA,Monroe,1308,"36,665"
2409,PA,Centre,4255,"41,373"
2411,PA,Jefferson,2050,"38,678"
2420,PA,Pike,1758,"39,512"
2424,PA,Allegheny,6536,"52,606"
2430,PA,Blair,4502,"39,921"
2431,PA,Columbia,1164,"36,304"
2432,PA,Northampton,39231,"46,336"
2434,PA,Clearfield,2561,"38,657"
2436,PA,Clinton,2795,"35,673"
2441,PA,Mercer,1068,"36,836"
2442,PA,Venango,831,"37,164"
2445,PA,Cambria,5738,"37,901"
2446,PA,Susquehanna,1859,"38,806"
2450,PA,Lehigh,486,"46,517"
2453,PA,Elk,1703,"42,356"
2457,PA,Schuylkill,8641,"36,707"
2459,PA,Clarion,3909,"37,115"
2460,PA,Lawrence,7561,"38,684"
2462,PA,Crawford,929,"36,513"
2463,PA,Montour,1295,"49,530"
2464,PA,McKean,4347,"41,117"
2465,PA,Luzerne,5903,"39,311"
2466,PA,Montgomery,6222,"69,983"
2469,PA,Carbon,370,"42,613"
2470,PA,Armstrong,2854,"40,751"
2472,PA,Delaware,1552,"55,959"
2476,PA,Fayette,3587,"37,370"
2477,PA,Fulton,3181,"37,895"
2478,PA,Lycoming,1462,"39,745"
2479,PA,Somerset,12184,"36,771"
2481,PA,Sullivan,1455,"41,880"
2482,PA,Tioga,954,"36,578"
2483,RI,Newport,24590,"58,825"
2484,RI,Providence,179335,"42,740"
2485,RI,Bristol,22131,"66,397"
2486,SC,Abbeville,5043,"29,583"
2487,SC,Aiken,30778,"36,900"
2488,SC,Allendale,2979,"26,617"
2489,SC,Anderson,27380,"34,814"
2490,SC,Bamberg,3237,"30,041"
2491,SC,Barnwell,4367,"29,978"
2492,SC,Beaufort,13357,"48,552"
2493,SC,Charleston,136208,"50,970"
2496,SC,Chester,5393,"29,578"
2497,SC,Chesterfield,1420,"26,476"
2498,SC,Darlington,5928,"32,571"
2499,SC,Dillon,6367,"24,259"
2500,SC,Edgefield,4769,"30,301"
2501,SC,Florence,37625,"36,050"
2502,SC,George,8779,"39,576"
2504,SC,Greenville,68563,"42,283"
2505,SC,Greenwood,23407,"33,035"
2506,SC,Hampton,2531,"27,252"
2507,SC,Kershaw,2249,"35,877"
2508,SC,Lancaster,9175,"37,351"
2509,SC,Laurens,8846,"30,681"
2510,SC,Lexington,21737,"40,433"
2511,SC,McCormick,2346,"30,467"
2512,SC,Marion,6427,"27,284"
2513,SC,Newberry,10337,"33,748"
2514,SC,Orangeburg,12903,"29,671"
2515,SC,Pickens,3164,"33,246"
2516,SC,Saluda,3632,"30,675"
2517,SC,Spartanburg,37644,"38,173"
2518,SC,Sumter,39656,"34,425"
2519,SC,Union,7764,"29,080"
2520,SC,York,8235,"39,488"
2521,SD,Aurora,789,"46,881"
2524,SD,Brookings,24509,"42,256"
2526,SD,Buffalo,352,"22,380"
2531,SD,Clark,1065,"51,723"
2535,SD,Custer,1935,"42,449"
2538,SD,Gregory,1249,"41,688"
2539,SD,Mellette,217,"28,391"
2541,SD,Tripp,632,"47,143"
2542,SD,Yankton,14700,"43,366"
2543,SD,Lake,50,"52,731"
2549,SD,Grant,125,"56,042"
2553,SD,Lincoln,1331,"59,375"
2560,SD,Brule,133,"45,980"
2562,SD,Union,55,"85,959"
2572,SD,Jackson,160,"25,520"
2574,SD,Lawrence,562,"44,036"
2576,SD,Day,92,"43,932"
2577,SD,Jones,65,"55,988"
2578,SD,Hamlin,247,"37,292"
2579,SD,Campbell,17,"48,335"
2580,SD,Hanson,277,"64,369"
2581,SD,Butte,2,"34,482"
2582,SD,Miner,33,"39,964"
2583,SD,Sully,22,"79,150"
2584,SD,Turner,182,"56,665"
2585,SD,Spink,252,"54,583"
2586,TN,Benton,1271,"29,948"
2587,TN,Decatur,1647,"39,001"
2588,TN,Dickson,15583,"34,521"
2589,TN,Dyer,2216,"36,791"
2590,TN,Franklin,80914,"34,251"
2591,TN,Gibson,396,"35,101"
2592,TN,Henderson,6315,"32,020"
2593,TN,Henry,465,"37,799"
2594,TN,Jackson,66903,"27,859"
2595,TN,Loudon,5809,"41,723"
2596,TN,Obion,1051,"36,817"
2597,TN,Rutherford,1075,"36,450"
2598,TN,Unicoi,3577,"33,592"
2599,TX,Anderson,234,"30,978"
2600,TX,Andrews,13762,"53,851"
2601,TX,Austin,964254,"49,031"
2605,TX,Bailey,301,"43,111"
2606,TX,Bandera,901,"41,112"
2607,TX,Bastrop,9420,"31,882"
2608,TX,Blanco,2012,"46,215"
2609,TX,Bowie,5059,"35,508"
2610,TX,Brazoria,3112,"44,371"
2611,TX,Burleson,47282,"40,362"
2614,TX,Burnet,6397,"42,809"
2615,TX,Caldwell,4397,"30,028"
2616,TX,Cameron,5529,"25,830"
2617,TX,Childress,6045,"25,793"
2618,TX,Coleman,4379,"39,495"
2619,TX,Comanche,4170,"38,180"
2620,TX,Crane,3680,"48,502"
2621,TX,Crockett,6532,"38,419"
2622,TX,Dallas,1345047,"51,830"
2627,TX,Dawson,797,"31,777"
2628,TX,Denton,138541,"48,827"
2629,TX,Dickens,264,"29,274"
2630,TX,Eastland,3919,"49,212"
2631,TX,Ector,726,"47,802"
2632,TX,El Paso,682669,"31,731"
2633,TX,Franklin,1623,"34,871"
2634,TX,Galveston,50457,"48,054"
2635,TX,Goliad,1976,"44,484"
2636,TX,Gonzales,7606,"42,371"
2637,TX,Hamilton,3016,"52,377"
2638,TX,Hardin,913,"41,209"
2639,TX,Haskell,3242,"34,551"
2640,TX,Hays,261,"37,440"
2641,TX,Hemphill,1239,"95,018"
2642,TX,Henderson,13280,"36,123"
2643,TX,Hidalgo,14083,"24,244"
2644,TX,Houston,2325502,"33,759"
2648,TX,Jasper,7644,"36,848"
2649,TX,Jefferson,1961,"40,555"
2650,TX,Jones,2083,"29,005"
2651,TX,Kaufman,7467,"37,453"
2652,TX,Kenedy,3448,"55,325"
2653,TX,Lampasas,7909,"46,015"
2654,TX,Liberty,9349,"34,237"
2655,TX,Live Oak,15908,"40,604"
2656,TX,Llano,3537,"43,872"
2657,TX,Lubbock,255885,"38,807"
2658,TX,Marion,1187,"35,642"
2659,TX,Mason,2264,"43,435"
2660,TX,Menard,1398,"34,927"
2661,TX,Midland,142344,"119,448"
2664,TX,Montgomery,1034,"64,325"
2665,TX,Nacogdoches,33542,"34,203"
2666,TX,Navarro,210,"34,722"
2667,TX,Newton,2359,"28,988"
2668,TX,Orange,18484,"40,402"
2669,TX,Parker,4802,"48,793"
2670,TX,Pecos,10254,"33,746"
2671,TX,Presidio,3991,"37,989"
2672,TX,Refugio,2771,"45,700"
2673,TX,Rockwall,45112,"52,337"
2674,TX,Rusk,5580,"36,158"
2675,TX,San Augustine,1877,"33,653"
2676,TX,San Patricio,382,"42,008"
2677,TX,San Saba,3158,"30,997"
2678,TX,Scurry,761,"49,252"
2679,TX,Sherman,42462,"62,704"
2680,TX,Taylor,17167,"44,198"
2681,TX,Terrell,18126,"48,732"
2682,TX,Throckmorton,772,"48,822"
2683,TX,Trinity,2771,"32,491"
2684,TX,Tyler,105729,"29,980"
2685,TX,Uvalde,16181,"38,661"
2686,TX,Victoria,67015,"45,847"
2687,TX,Waller,3434,"37,688"
2690,TX,Wharton,8654,"40,827"
2691,TX,Wheeler,1507,"47,936"
2692,TX,Wilson,484,"41,750"
2693,TX,Yoakum,5944,"45,913"
2696,UT,Beaver,3104,"33,748"
2697,UT,Duchesne,1770,"40,706"
2698,UT,Emery,268,"29,448"
2699,UT,Morgan,4260,"43,876"
2700,UT,Tooele,35251,"31,564"
2701,UT,Uintah,1342,"34,107"
2702,UT,Washington,27686,"31,163"
2703,VT,Rutland,15325,"45,885"
2705,VT,Addison,1337,"45,709"
2706,VT,Bennington,15002,"47,187"
2707,VT,Essex,21911,"32,250"
2708,VT,Franklin,1434,"41,083"
2709,VT,Grand Isle,2092,"52,279"
2710,VT,Orange,1105,"42,116"
2711,VT,Washington,1016,"51,829"
2712,VT,Chittenden,1190,"54,081"
2713,VT,Windham,401,"45,232"
2714,VT,Windsor,3348,"51,248"
2715,VA,Alexandria,160530,"81,336"
2716,VA,Amherst,2185,"32,995"
2717,VA,Appomattox,1792,"33,792"
2718,VA,Buchanan,1171,"32,044"
2719,VA,Chesapeake,242634,"45,248"
2720,VA,Culpeper,18619,"40,439"
2721,VA,Floyd,439,"33,906"
2722,VA,Franklin,8013,"35,700"
2723,VA,Halifax,1224,"32,437"
2724,VA,Hampton,134313,"39,178"
2725,VA,Louisa,1702,"36,872"
2726,VA,Madison,243,"46,222"
2727,VA,Newport News,178626,"39,042"
2728,VA,Norfolk,244076,"37,569"
2729,VA,Orange,5049,"42,996"
2730,VA,Portsmouth,94632,"37,238"
2731,VA,Pulaski,8726,"35,624"
2732,VA,Richmond,228783,"32,032"
2734,VA,Roanoke,99920,"39,649"
2735,VA,Shenandoah,2339,"39,354"
2736,VA,Suffolk,91185,"46,071"
2737,VA,Surry,220,"37,898"
2738,VA,Tazewell,4194,"34,146"
2739,VA,Virginia Beach,450189,"50,719"
2740,WA,Asotin,1294,"40,377"
2741,WA,Chelan,4222,"45,101"
2742,WA,Garfield,618,"40,606"
2743,WA,Kittitas,1493,"37,142"
2744,WA,Okanogan,2591,"36,553"
2745,WA,Pacific,7219,"37,554"
2748,WA,Snohomish,10185,"46,896"
2749,WA,Spokane,219190,"40,028"
2750,WA,Walla Walla,32986,"39,426"
2751,WA,Yakima,93884,"37,846"
2752,WV,Clay,448,"28,882"
2753,WV,Logan,1511,"32,521"
2754,WV,Mason,938,"28,756"
2756,WV,Morgan,30955,"30,670"
2757,WV,Wayne,1392,"29,049"
2758,WI,Adams,1895,"34,448"
2762,WI,Ashland,7897,"35,419"
2767,WI,Barron,3321,"42,944"
2769,WI,Bayfield,477,"41,456"
2771,WI,Brown,274,"46,364"
2772,WI,Eau Claire,68866,"42,914"
2777,WI,Fond du Lac,42959,"42,235"
2779,WI,Green Lake,958,"43,012"
2781,WI,Jefferson,8034,"39,794"
2786,WI,Juneau,2658,"33,641"
2787,WI,Kenosha,100164,"40,171"
2788,WI,Kewaunee,2848,"43,908"
2789,WI,La Crosse,51567,"43,802"
2790,WI,Manitowoc,32627,"43,040"
2792,WI,Marinette,10608,"39,004"
2793,WI,Milwaukee,592025,"42,118"
2797,WI,Monroe,10567,"36,355"
2800,WI,Oconto,4517,"40,612"
2802,WI,Portage,10437,"39,883"
2803,WI,Racine,77432,"42,596"
2804,WI,Sheboygan,48180,"45,449"
2806,WI,Washburn,2047,"42,461"
2809,WI,Waukesha,72549,"62,113"
2811,WI,Waupaca,5896,"41,358"
2813,WI,Jackson,986,"40,515"
2816,WI,Lincoln,298,"39,220"
2828,WI,Chippewa,367,"41,329"
2829,WI,Buffalo,695,"40,637"
2831,WI,Rusk,411,"38,750"
2833,WI,Lafayette,5979,"41,854"
2836,WI,Grant,930,"38,957"
2842,WI,Dane,1047,"52,153"
2843,WI,Dunn,5250,"36,749"
2845,WI,Burnett,862,"37,463"
2846,WI,Washington,716,"49,977"
2854,WI,Florence,1951,"48,797"
2855,WI,Calumet,1483,"44,584"
2856,WI,Forest,1082,"35,826"
2860,WI,Marquette,537,"36,369"
2861,WI,Pierce,818,"41,714"
2862,WI,Langlade,449,"38,889"
2863,WI,Price,221,"41,312"
2864,WI,Vilas,229,"45,830"
2865,WI,Marathon,1105,"43,801"
2866,WI,Douglas,728,"37,422"
2867,WI,Oneida,4746,"44,723"
2868,WI,Pepin,717,"43,359"
2869,WI,Richland,1259,"38,365"
2871,WI,Rock,3211,"38,799"
2873,WI,Dodge,403,"40,794"
2874,WI,Trempealeau,1880,"40,883"
2875,WI,Walworth,1713,"41,674"
2876,WI,Polk,4006,"40,951"
2877,WI,Vernon,7678,"36,839"
2878,WI,Wood,759,"41,025"
2879,WY,Laramie,32473,"49,426"
2880,WY,Sheridan,17849,"53,543"
12,CA,Ventura,111128,"53,031"
18,GA,Macon,153095,"28,018"
19,HI,Honolulu,347397,"50,988"
20,ID,Boise,228790,"36,229"
