,State,City,POPESTIMATE2018,DataValue
0,AL,Butler,1739,"32,862"
1,AL,Cherokee,1004,"31,688"
2,AL,Clay,9646,"29,443"
3,AL,Cullman,15858,"35,144"
4,AL,Elmore,1441,"36,665"
5,AL,Fayette,4327,"30,747"
6,AL,Franklin,126,"30,044"
7,AL,Geneva,4335,"30,997"
8,AL,Jackson,4742,"32,986"
9,AL,Madison,50440,"45,274"
10,AL,Madison,4796,"45,274"
11,AL,Madison,45644,"45,274"
12,AL,Marion,3252,"29,422"
13,AL,Mobile,189572,"34,661"
14,AL,Montgomery,198218,"39,060"
15,AL,Talladega,15291,"30,917"
16,AL,Tuscaloosa,101113,"35,365"
17,AK,Anchorage Municipality,291538,"61,425"
18,AK,Bristol Bay Borough,877,"116,340"
19,AK,Fairbanks North Star Borough,98971,"52,179"
20,AK,Haines Borough,2474,"53,013"
21,AK,Juneau City and Borough,32113,"62,774"
22,AK,Kenai Peninsula Borough,58533,"50,466"
23,AK,Kodiak Island Borough,13345,"57,814"
24,AK,Matanuska-Susitna Borough,107610,"45,608"
25,AK,North Slope Borough,9872,"97,028"
26,AK,Northwest Arctic Borough,7671,"43,082"
27,AK,Sitka City and Borough,8647,"66,157"
28,AZ,Maricopa,50024,"41,197"
29,AZ,Pima,2512,"38,031"
30,AR,Benton,36403,"74,292"
31,AR,Bradley,528,"34,423"
32,AR,Conway,66426,"36,965"
33,AR,Franklin,191,"31,801"
34,AR,Fulton,194,"26,383"
35,AR,Garland,239,"35,645"
36,AR,Johnson,3736,"27,625"
37,AR,Lincoln,2474,"24,404"
38,AR,Lonoke,4262,"35,564"
39,AR,Madison,696,"32,411"
40,AR,Marion,12364,"27,465"
41,AR,Perry,274,"31,447"
42,AR,Perry,249,"31,447"
43,AR,St. Francis,233,"25,498"
44,AR,Searcy,23768,"26,785"
45,AR,Van Buren,23691,"29,374"
46,AR,Washington,167,"35,135"
47,CA,Alameda,78338,"59,085"
48,CA,Colusa,5911,"41,877"
49,CA,Fresno,530093,"37,434"
50,CA,Imperial,17695,"32,890"
51,CA,Los Angeles,3990456,"52,233"
52,CA,Madera,65706,"35,754"
53,CA,Merced,83316,"35,361"
54,CA,Monterey,28289,"47,557"
55,CA,Napa,79263,"59,563"
56,CA,Orange,139484,"57,165"
57,CA,Riverside,330063,"34,753"
58,CA,Sacramento,508529,"45,187"
59,CA,San Bernardino,215941,"34,320"
60,CA,San Diego,1425976,"52,214"
61,CA,San Francisco,883305,"99,990"
62,CA,San Joaquin,4032,"37,643"
63,CA,San Luis Obispo,47446,"48,532"
64,CA,San Mateo,105025,"93,765"
65,CA,Santa Barbara,91350,"53,758"
66,CA,Santa Clara,129488,"79,055"
67,CA,Santa Cruz,64725,"56,549"
68,CA,Sonoma,11248,"51,565"
69,CA,Tehama,421,"36,005"
70,CA,Tulare,64475,"37,121"
71,CO,Alamosa,9997,"32,221"
72,CO,Crowley,167,"18,464"
73,CO,Delta,8920,"33,209"
74,CO,Denver,716492,"68,046"
75,CO,Dolores,958,"33,107"
76,CO,Eagle,6961,"60,847"
77,CO,Gunnison,6594,"40,429"
78,CO,Kiowa,757,"52,054"
79,CO,Kit Carson,238,"35,048"
80,CO,Las Animas,2190,"37,013"
81,CO,Moffat,120,"40,342"
82,CO,Montezuma,68,"39,527"
83,CO,Montrose,19512,"34,155"
84,CO,Ouray,1010,"51,437"
85,CO,Pitkin,72,"126,611"
86,CO,Pueblo,111750,"33,932"
87,CO,Saguache,504,"27,918"
88,CO,Sedgwick,140,"54,366"
89,CO,Yuma,3460,"52,760"
90,CT,Hartford,122587,"57,564"
91,CT,Hartford,122587,"57,564"
92,CT,New Haven,130418,"50,286"
93,CT,New Haven,130418,"50,286"
94,CT,New London,26939,"51,200"
95,CT,New London,26939,"51,200"
96,CT,Fairfield,61952,"102,612"
97,CT,Litchfield,8127,"56,884"
98,CT,Tolland,14655,"50,980"
99,CT,Windham,24706,"41,381"
100,DE,New Castle,5529,"49,300"
101,FL,Alachua,9949,"38,638"
102,FL,Lee,328,"44,543"
103,FL,Madison,2797,"28,449"
104,FL,Okeechobee,5731,"28,601"
105,FL,Palm Beach,8802,"66,126"
106,FL,Sarasota,57738,"54,984"
107,FL,Seminole,18866,"41,339"
108,GA,Baldwin,3384,"29,192"
109,GA,Baldwin,765,"29,192"
110,GA,Baldwin,2619,"29,192"
111,GA,Bartow,256,"33,267"
112,GA,Brooks,555,"31,146"
113,GA,Calhoun,16966,"21,655"
114,GA,Clayton,2183,"25,550"
115,GA,Cobb,346,"48,253"
116,GA,Colquitt,1824,"27,507"
117,GA,Crawford,832,"29,600"
118,GA,Dawson,4102,"37,402"
119,GA,Decatur,25732,"31,946"
120,GA,Douglas,11616,"31,349"
121,GA,Forsyth,4117,"54,651"
122,GA,Franklin,924,"32,534"
123,GA,Gordon,1882,"30,915"
124,GA,Haralson,193,"31,520"
125,GA,Haralson,187,"31,520"
126,GA,Haralson,6,"31,520"
127,GA,Jackson,5083,"34,627"
128,GA,Jasper,3941,"32,539"
129,GA,Jefferson,11704,"28,456"
130,GA,Lumpkin,1197,"31,917"
131,GA,Madison,4155,"31,698"
132,GA,Mitchell,193,"29,523"
133,GA,Monroe,13573,"39,206"
134,GA,Morgan,1846,"41,424"
135,GA,Newton,579,"29,625"
136,GA,Oconee,244,"55,452"
137,GA,Oglethorpe,1159,"34,291"
138,GA,Pulaski,269,"25,958"
139,GA,Quitman,3703,"26,489"
140,GA,Screven,761,"29,505"
141,GA,Washington,4001,"31,659"
142,GA,White,722,"30,534"
143,ID,Franklin,828,"32,130"
144,ID,Gooding,3473,"58,373"
145,ID,Jerome,11807,"37,126"
146,ID,Kootenai,922,"38,416"
147,ID,Minidoka,113,"35,533"
148,ID,Payette,7527,"35,582"
149,ID,Shoshone,1511,"33,851"
150,ID,Teton,733,"31,214"
151,ID,Twin Falls,49764,"35,300"
152,IL,Champaign,88029,"42,659"
153,IL,Champaign,11504,"42,659"
154,IL,Clinton,6927,"42,048"
155,IL,Clinton,1845,"42,048"
156,IL,Clinton,6673,"42,048"
157,IL,Clinton,254,"42,048"
158,IL,DeKalb,42611,"35,809"
159,IL,DeKalb,309,"35,809"
160,IL,DeKalb,0,"35,809"
161,IL,DeKalb,45346,"35,809"
162,IL,DeKalb,42302,"35,809"
163,IL,Effingham,12627,"43,646"
164,IL,Effingham,11945,"43,646"
165,IL,Effingham,26,"43,646"
166,IL,Effingham,225,"43,646"
167,IL,Effingham,431,"43,646"
168,IL,Fulton,3346,"33,854"
169,IL,Fulton,4085,"33,854"
170,IL,Fulton,3346,"33,854"
171,IL,Fulton,0,"33,854"
172,IL,Hamilton,2740,"41,048"
173,IL,Hamilton,194,"41,048"
174,IL,Henry,2232,"42,246"
175,IL,Henry,2455,"42,246"
176,IL,Kankakee,26052,"36,138"
177,IL,Kankakee,748,"36,138"
178,IL,Kankakee,67,"36,138"
179,IL,Kankakee,26036,"36,138"
180,IL,Kankakee,24777,"36,138"
181,IL,Kankakee,13,"36,138"
182,IL,Kankakee,447,"36,138"
183,IL,LaSalle,9064,"39,378"
184,IL,LaSalle,14,"39,378"
185,IL,LaSalle,12794,"39,378"
186,IL,LaSalle,8566,"39,378"
187,IL,LaSalle,115,"39,378"
188,IL,LaSalle,367,"39,378"
189,IL,LaSalle,2,"39,378"
190,IL,McHenry,27022,"48,027"
191,IL,McHenry,47042,"48,027"
192,IL,McHenry,20596,"48,027"
193,IL,McHenry,6426,"48,027"
194,IL,Macon,1120,"44,811"
195,IL,Macon,197,"44,811"
196,IL,Madison,3794,"40,943"
197,IL,Madison,3794,"40,943"
198,IL,Madison,0,"40,943"
199,IL,Madison,674,"40,943"
200,IL,Madison,3120,"40,943"
201,IL,Madison,797,"40,943"
202,IL,Marion,17620,"38,112"
203,IL,Marion,2,"38,112"
204,IL,Marion,219,"38,112"
205,IL,Marion,3938,"38,112"
206,IL,Marion,17618,"38,112"
207,IL,Marshall,3843,"42,080"
208,IL,Marshall,0,"42,080"
209,IL,Marshall,4450,"42,080"
210,IL,Marshall,3484,"42,080"
211,IL,Marshall,359,"42,080"
212,IL,Mason,335,"38,936"
213,IL,Mason,1337,"38,936"
214,IL,Peoria,111388,"46,148"
215,IL,Peoria,3773,"46,148"
216,IL,Peoria,6094,"46,148"
217,IL,Peoria,100957,"46,148"
218,IL,Peoria,564,"46,148"
219,IL,Peoria,0,"46,148"
220,IL,Rock Island,37678,"39,842"
221,IL,Rock Island,2760,"39,842"
222,IL,Rock Island,48,"39,842"
223,IL,Rock Island,17204,"39,842"
224,IL,Rock Island,17062,"39,842"
225,IL,Rock Island,183,"39,842"
226,IL,Rock Island,17625,"39,842"
227,IL,Washington,16704,"46,128"
228,IL,Washington,340,"46,128"
229,IL,Washington,24815,"46,128"
230,IL,Washington,6338,"46,128"
231,IL,Boone,1934,"40,608"
232,IL,Lee,308,"37,889"
233,IL,Lee,229,"37,889"
234,IL,Bureau,233,"39,270"
235,IL,Brown,2054,"29,522"
236,IL,Scott,1235,"37,014"
237,IL,Scott,3099,"37,014"
238,IL,Johnson,644,"30,786"
239,IL,Johnson,363,"30,786"
240,IL,Douglas,157,"45,461"
241,IL,Douglas,12836,"45,461"
242,IL,Douglas,1954,"45,461"
243,IL,Wabash,2152,"41,797"
244,IL,Lake,941,"68,199"
245,IL,Morgan,345,"36,602"
246,IL,Montgomery,637,"33,349"
247,IL,Montgomery,2446,"33,349"
248,IL,Union,677,"37,679"
249,IL,Union,727,"37,679"
250,IL,Union,931,"37,679"
251,IL,Union,225,"37,679"
252,IL,Franklin,2473,"34,652"
253,IL,De Witt,461,"48,628"
254,IL,Wayne,66483,"40,354"
255,IL,Edgar,449,"37,073"
256,IL,Jackson,1203,"33,046"
257,IL,Jackson,4048,"33,046"
258,IL,Pope,214,"26,405"
259,IL,Cass,601,"38,103"
260,IL,Kane,926,"44,432"
261,IL,Hancock,239,"42,145"
262,IL,Iroquois,581,"40,167"
263,IL,Jersey,9823,"36,597"
264,IL,Warren,1479,"36,696"
265,IL,Warren,63664,"36,696"
266,IL,Kendall,8946,"43,074"
267,IL,Henderson,1088,"39,188"
268,IL,Knox,4794,"36,417"
269,IL,Adams,1567,"40,921"
270,IL,Richland,363,"39,787"
271,IL,Richland,406,"39,787"
272,IL,Richland,732,"39,787"
273,IL,Bond,619,"32,859"
274,IL,Lawrence,6355,"32,979"
275,IL,Fayette,255,"31,527"
276,IL,Pike,225,"39,140"
277,IL,Randolph,4447,"32,226"
278,IL,Saline,6278,"36,996"
279,IL,Greene,1543,"34,501"
280,IL,Greene,482,"34,501"
281,IL,Mercer,3872,"40,702"
282,IL,Monroe,1485,"50,446"
283,IL,Logan,3104,"35,205"
284,IL,Sangamon,2333,"43,441"
285,IL,Hardin,204,"34,034"
286,IL,Perry,574,"34,612"
287,IL,St. Clair,35047,"39,740"
288,IL,Jefferson,255,"35,726"
289,IL,Carroll,578,"40,981"
290,IL,Jasper,1722,"42,512"
291,IL,Will,1805,"45,465"
292,IL,Winnebago,5098,"38,275"
293,IN,Clinton,4717,"34,936"
294,IN,Clinton,953,"34,936"
295,IN,Clinton,936,"34,936"
296,IN,Clinton,529,"34,936"
297,IN,Clinton,4871,"34,936"
298,IN,Clinton,1489,"34,936"
299,IN,Clinton,1277,"34,936"
300,IN,Clinton,8746,"34,936"
301,IN,Decatur,9843,"38,304"
302,IN,Decatur,1718,"38,304"
303,IN,Decatur,8125,"38,304"
304,IN,Decatur,34546,"38,304"
305,IN,Elkhart,52367,"38,511"
306,IN,Elkhart,84,"38,511"
307,IN,Elkhart,2162,"38,511"
308,IN,Elkhart,36087,"38,511"
309,IN,Elkhart,38192,"38,511"
310,IN,Elkhart,0,"38,511"
311,IN,Elkhart,14032,"38,511"
312,IN,Elkhart,2,"38,511"
313,IN,Elkhart,2060,"38,511"
314,IN,Franklin,25248,"40,595"
315,IN,Franklin,1207,"40,595"
316,IN,Franklin,1577,"40,595"
317,IN,Franklin,6802,"40,595"
318,IN,Franklin,4205,"40,595"
319,IN,Franklin,1373,"40,595"
320,IN,Franklin,1119,"40,595"
321,IN,Franklin,21987,"40,595"
322,IN,Franklin,19321,"40,595"
323,IN,Franklin,4494,"40,595"
324,IN,Franklin,1433,"40,595"
325,IN,Franklin,1124,"40,595"
326,IN,Franklin,58146,"40,595"
327,IN,Franklin,1915,"40,595"
328,IN,Franklin,1219,"40,595"
329,IN,Franklin,670,"40,595"
330,IN,Franklin,1660,"40,595"
331,IN,Franklin,1203,"40,595"
332,IN,Franklin,3719,"40,595"
333,IN,Franklin,2294,"40,595"
334,IN,Franklin,1303,"40,595"
335,IN,Fulton,318,"36,386"
336,IN,Fulton,584,"36,386"
337,IN,Hamilton,1580,"64,213"
338,IN,Hamilton,265,"64,213"
339,IN,Hamilton,7012,"64,213"
340,IN,Hamilton,1632,"64,213"
341,IN,Hamilton,1315,"64,213"
342,IN,Hamilton,6628,"64,213"
343,IN,Huntington,17019,"37,086"
344,IN,Huntington,20259,"37,086"
345,IN,Huntington,17019,"37,086"
346,IN,Huntington,0,"37,086"
347,IN,Jasper,15568,"40,597"
348,IN,Jasper,14965,"40,597"
349,IN,Jasper,39,"40,597"
350,IN,Jasper,564,"40,597"
351,IN,Knox,3535,"41,101"
352,IN,Knox,492,"41,101"
353,IN,Lagrange,2748,"34,987"
354,IN,Lagrange,2702,"34,987"
355,IN,Lagrange,46,"34,987"
356,IN,Lawrence,49046,"34,913"
357,IN,Lawrence,125843,"34,913"
358,IN,Madison,11879,"33,764"
359,IN,Madison,1863,"33,764"
360,IN,Madison,433,"33,764"
361,IN,Madison,2028,"33,764"
362,IN,Madison,2959,"33,764"
363,IN,Madison,2704,"33,764"
364,IN,Madison,639,"33,764"
365,IN,Madison,17329,"33,764"
366,IN,Madison,1276,"33,764"
367,IN,Madison,9830,"33,764"
368,IN,Madison,370,"33,764"
369,IN,Madison,1032,"33,764"
370,IN,Madison,1923,"33,764"
371,IN,Madison,1323,"33,764"
372,IN,Madison,690,"33,764"
373,IN,Marion,28047,"46,320"
374,IN,Marion,4110,"46,320"
375,IN,Marion,1328,"46,320"
376,IN,Marion,1722,"46,320"
377,IN,Marion,1479,"46,320"
378,IN,Marion,18679,"46,320"
379,IN,Marion,5359,"46,320"
380,IN,Marion,0,"46,320"
381,IN,Marion,123,"46,320"
382,IN,Marion,88,"46,320"
383,IN,Marion,2618,"46,320"
384,IN,Marion,1180,"46,320"
385,IN,Marion,1485,"46,320"
386,IN,Marion,7431,"46,320"
387,IN,Marion,1095,"46,320"
388,IN,Marion,9332,"46,320"
389,IN,Marion,875,"46,320"
390,IN,Marion,705,"46,320"
391,IN,Marion,1974,"46,320"
392,IN,Marion,1915,"46,320"
393,IN,Marshall,319,"36,406"
394,IN,Marshall,4619,"36,406"
395,IN,Monroe,879,"35,012"
396,IN,Monroe,5058,"35,012"
397,IN,Monroe,707,"35,012"
398,IN,Monroe,172,"35,012"
399,IN,Monroe,2032,"35,012"
400,IN,Monroe,2744,"35,012"
401,IN,Monroe,5930,"35,012"
402,IN,Monroe,3613,"35,012"
403,IN,Monroe,1584,"35,012"
404,IN,Monroe,1400,"35,012"
405,IN,Monroe,355,"35,012"
406,IN,Monroe,1159,"35,012"
407,IN,Monroe,8617,"35,012"
408,IN,Monroe,5427,"35,012"
409,IN,Monroe,657,"35,012"
410,IN,Monroe,3740,"35,012"
411,IN,Monroe,1572,"35,012"
412,IN,Monroe,3533,"35,012"
413,IN,Monroe,551,"35,012"
414,IN,Montgomery,347,"37,697"
415,IN,Montgomery,3980,"37,697"
416,IN,Montgomery,938,"37,697"
417,IN,Montgomery,1263,"37,697"
418,IN,Morgan,976,"39,004"
419,IN,Morgan,4266,"39,004"
420,IN,Morgan,1199,"39,004"
421,IN,Morgan,3784,"39,004"
422,IN,Porter,4825,"45,101"
423,IN,Porter,9570,"45,101"
424,IN,Spencer,2248,"39,496"
425,IN,Spencer,1244,"39,496"
426,IN,Spencer,1904,"39,496"
427,IN,Spencer,2244,"39,496"
428,IN,Sullivan,4097,"31,374"
429,IN,Tipton,5104,"40,206"
430,IN,Tipton,2434,"40,206"
431,IN,Wabash,10054,"38,314"
432,IN,Wabash,6474,"38,314"
433,IN,Wabash,737,"38,314"
434,IN,Wabash,31,"38,314"
435,IN,Wabash,566,"38,314"
436,IN,Wabash,809,"38,314"
437,IN,Wabash,68908,"38,314"
438,IN,Wabash,0,"38,314"
439,IN,Wabash,10054,"38,314"
440,IN,Warren,1209,"42,455"
441,IN,Warren,606,"42,455"
442,IN,Warren,659,"42,455"
443,IN,Warren,105168,"42,455"
444,IN,Warren,3507,"42,455"
445,IN,Warren,7702,"42,455"
446,IN,Warren,790,"42,455"
447,IN,Washington,12149,"33,987"
448,IN,Washington,10405,"33,987"
449,IN,Washington,38235,"33,987"
450,IN,Washington,815,"33,987"
451,IN,Washington,1507,"33,987"
452,IN,Washington,4881,"33,987"
453,IN,Washington,547,"33,987"
454,IN,Washington,1575,"33,987"
455,IN,Washington,1926,"33,987"
456,IN,Washington,756,"33,987"
457,IN,Washington,1079,"33,987"
458,IN,Washington,16337,"33,987"
459,IN,Washington,1430,"33,987"
460,IN,Washington,13812,"33,987"
461,IN,Washington,1966,"33,987"
462,IN,Washington,7372,"33,987"
463,IN,Washington,781,"33,987"
464,IN,Washington,3570,"33,987"
465,IN,Washington,1142,"33,987"
466,IN,Washington,45185,"33,987"
467,IN,Washington,541,"33,987"
468,IN,Washington,52237,"33,987"
469,IN,Washington,1102,"33,987"
470,IN,Washington,2247,"33,987"
471,IN,Washington,3040,"33,987"
472,IN,Washington,1340,"33,987"
473,IN,Washington,139197,"33,987"
474,IN,Washington,3363,"33,987"
475,IN,Washington,2182,"33,987"
476,IN,Washington,17002,"33,987"
477,IN,Washington,320,"33,987"
478,IN,Washington,1203,"33,987"
479,IN,Washington,5931,"33,987"
480,IN,Washington,1291,"33,987"
481,IN,Washington,4341,"33,987"
482,IN,Washington,4963,"33,987"
483,IN,Washington,2505,"33,987"
484,IN,Washington,2059,"33,987"
485,IN,Washington,2404,"33,987"
486,IN,Washington,451,"33,987"
487,IN,Washington,1229,"33,987"
488,IN,Washington,2988,"33,987"
489,IN,Washington,2838,"33,987"
490,IN,Washington,2232,"33,987"
491,IN,Washington,9986,"33,987"
492,IN,Washington,1360,"33,987"
493,IN,Washington,1264,"33,987"
494,IN,Wayne,952,"36,972"
495,IN,Wayne,108961,"36,972"
496,IN,Wayne,4101,"36,972"
497,IN,Wayne,543,"36,972"
498,IN,Wayne,9093,"36,972"
499,IN,Wayne,4088,"36,972"
500,IN,Wayne,527,"36,972"
501,IN,Wayne,7749,"36,972"
502,IN,Wayne,29034,"36,972"
503,IN,Wayne,144527,"36,972"
504,IN,Wayne,1591,"36,972"
505,IN,Wayne,10240,"36,972"
506,IN,Wayne,1649,"36,972"
507,IN,Wayne,4362,"36,972"
508,IN,Wayne,4461,"36,972"
509,IN,Wayne,1840,"36,972"
510,IN,Wayne,39579,"36,972"
511,IN,Jefferson,1131,"37,002"
512,IN,Jefferson,2244,"37,002"
513,IN,Jefferson,1573,"37,002"
514,IN,Jefferson,2171,"37,002"
515,IN,Jefferson,1425,"37,002"
516,IN,Jefferson,1552,"37,002"
517,IN,Jefferson,10273,"37,002"
518,IN,Jefferson,5609,"37,002"
519,IN,Jefferson,2010,"37,002"
520,IN,Jefferson,1438,"37,002"
521,IN,Jefferson,740,"37,002"
522,IN,Jefferson,755,"37,002"
523,IN,Jefferson,2039,"37,002"
524,IN,Jefferson,2333,"37,002"
525,IN,Jefferson,3323,"37,002"
526,IN,Jefferson,2068,"37,002"
527,IN,Jefferson,1594,"37,002"
528,IN,Jefferson,1099,"37,002"
529,IN,Jefferson,1770,"37,002"
530,IN,Jefferson,505,"37,002"
531,IN,Jefferson,1263,"37,002"
532,IN,Jefferson,402,"37,002"
533,IN,Jefferson,3208,"37,002"
534,IN,Jefferson,1343,"37,002"
535,IN,Jefferson,920,"37,002"
536,IN,Jefferson,3300,"37,002"
537,IN,Jefferson,5905,"37,002"
538,IN,Jefferson,2247,"37,002"
539,IN,Union,962,"34,404"
540,IN,Union,247,"34,404"
541,IN,Union,4001,"34,404"
542,IN,Union,952,"34,404"
543,IN,Union,746,"34,404"
544,IN,Union,13770,"34,404"
545,IN,Union,2732,"34,404"
546,IN,Union,6338,"34,404"
547,IN,Union,1343,"34,404"
548,IN,Union,4153,"34,404"
549,IN,Union,1923,"34,404"
550,IN,Union,1018,"34,404"
551,IN,Union,1211,"34,404"
552,IN,Union,1564,"34,404"
553,IN,Union,3112,"34,404"
554,IN,Union,2304,"34,404"
555,IN,Union,8785,"34,404"
556,IN,Union,3140,"34,404"
557,IN,Union,824,"34,404"
558,IN,Union,24798,"34,404"
559,IN,Union,489,"34,404"
560,IN,Union,1563,"34,404"
561,IN,Union,558,"34,404"
562,IN,Union,9050,"34,404"
563,IN,Union,2040,"34,404"
564,IN,Union,733,"34,404"
565,IN,Union,3691,"34,404"
566,IN,Union,963,"34,404"
567,IN,Union,1886,"34,404"
568,IN,Union,1519,"34,404"
569,IN,Union,309,"34,404"
570,IN,Union,2183,"34,404"
571,IN,Union,9709,"34,404"
572,IN,Union,2286,"34,404"
573,IN,Adams,34460,"35,449"
574,IN,Adams,512,"35,449"
575,IN,Adams,875,"35,449"
576,IN,Adams,2027,"35,449"
577,IN,Adams,5193,"35,449"
578,IN,Adams,3857,"35,449"
579,IN,Adams,1207,"35,449"
580,IN,Adams,5519,"35,449"
581,IN,Adams,5080,"35,449"
582,IN,Adams,491,"35,449"
583,IN,Jackson,532,"38,888"
584,IN,Jackson,1026,"38,888"
585,IN,Jackson,1274,"38,888"
586,IN,Jackson,2845,"38,888"
587,IN,Jackson,4006,"38,888"
588,IN,Jackson,1391,"38,888"
589,IN,Jackson,2795,"38,888"
590,IN,Jackson,2651,"38,888"
591,IN,Jackson,1142,"38,888"
592,IN,Jackson,1698,"38,888"
593,IN,Jackson,1038,"38,888"
594,IN,Jackson,3130,"38,888"
595,IN,Jackson,2134,"38,888"
596,IN,Jackson,4517,"38,888"
597,IN,Jackson,1449,"38,888"
598,IN,Jackson,582,"38,888"
599,IN,Jackson,1879,"38,888"
600,IN,Jackson,10557,"38,888"
601,IN,Jackson,1861,"38,888"
602,IN,Jackson,6214,"38,888"
603,IN,Jackson,592,"38,888"
604,IN,Jackson,3989,"38,888"
605,IN,Jackson,21970,"38,888"
606,IN,Jackson,943,"38,888"
607,IN,Jackson,1246,"38,888"
608,IN,Jackson,1886,"38,888"
609,IN,Jackson,1881,"38,888"
610,IN,Jackson,3467,"38,888"
611,IN,Jackson,373,"38,888"
612,IN,Jackson,676,"38,888"
613,IN,Jackson,1684,"38,888"
614,IN,Jackson,728,"38,888"
615,IN,Jackson,5478,"38,888"
616,IN,Jackson,856,"38,888"
617,IN,Jackson,945,"38,888"
618,IN,Jackson,353,"38,888"
619,IN,Jackson,1840,"38,888"
620,IN,Jackson,874,"38,888"
621,IN,Jackson,545,"38,888"
622,IN,Jackson,1796,"38,888"
623,IN,Jackson,1821,"38,888"
624,IN,Jackson,2112,"38,888"
625,IN,Jackson,4386,"38,888"
626,IN,Jackson,853,"38,888"
627,IN,Jackson,641,"38,888"
628,IN,Lake,2433,"38,485"
629,IN,Lake,1601,"38,485"
630,IN,Lake,2376,"38,485"
631,IN,Perry,30956,"33,711"
632,IN,Perry,1292,"33,711"
633,IN,Perry,908,"33,711"
634,IN,Perry,1436,"33,711"
635,IN,Perry,1464,"33,711"
636,IN,Perry,2249,"33,711"
637,IN,Perry,115165,"33,711"
638,IN,Perry,5003,"33,711"
639,IN,Perry,837,"33,711"
640,IN,Perry,54164,"33,711"
641,IN,Perry,6722,"33,711"
642,IN,Perry,8402,"33,711"
643,IN,Perry,25617,"33,711"
644,IN,Perry,796,"33,711"
645,IN,St. Joseph,75633,"41,274"
646,IN,Clay,3540,"33,864"
647,IN,Clay,1271,"33,864"
648,IN,Clay,2737,"33,864"
649,IN,Clay,2933,"33,864"
650,IN,Clay,1343,"33,864"
651,IN,Clay,98332,"33,864"
652,IN,Clay,2380,"33,864"
653,IN,Clay,3877,"33,864"
654,IN,Clay,1732,"33,864"
655,IN,Clay,3626,"33,864"
656,IN,Clay,813,"33,864"
657,IN,Clay,4334,"33,864"
658,IN,Clay,2525,"33,864"
659,IN,Clay,343,"33,864"
660,IN,Clay,33434,"33,864"
661,IN,Clay,2721,"33,864"
662,IN,Clay,1095,"33,864"
663,IN,Harrison,4132,"37,177"
664,IN,Harrison,2465,"37,177"
665,IN,Harrison,759,"37,177"
666,IN,Harrison,784,"37,177"
667,IN,Harrison,2097,"37,177"
668,IN,Harrison,729,"37,177"
669,IN,Harrison,3196,"37,177"
670,IN,Harrison,3279,"37,177"
671,IN,Harrison,3620,"37,177"
672,IN,Harrison,6111,"37,177"
673,IN,Harrison,12762,"37,177"
674,IN,Harrison,1315,"37,177"
675,IN,Harrison,9495,"37,177"
676,IN,Harrison,1874,"37,177"
677,IN,Harrison,3608,"37,177"
678,IN,Harrison,733,"37,177"
679,IN,Harrison,1542,"37,177"
680,IN,Harrison,430,"37,177"
681,IN,Harrison,581,"37,177"
682,IN,Harrison,1966,"37,177"
683,IN,Harrison,387,"37,177"
684,IN,Harrison,51203,"37,177"
685,IN,Harrison,372,"37,177"
686,IN,Harrison,8660,"37,177"
687,IN,Ohio,1930,"35,220"
688,IN,Ohio,740,"35,220"
689,IN,Ohio,5134,"35,220"
690,IN,Ohio,39766,"35,220"
691,IN,Grant,1031,"35,592"
692,IN,Grant,3291,"35,592"
693,IN,Grant,705,"35,592"
694,IN,Grant,1141,"35,592"
695,IN,Tippecanoe,2357,"34,210"
696,IN,Tippecanoe,6710,"34,210"
697,IN,Tippecanoe,1291,"34,210"
698,IN,Tippecanoe,1023,"34,210"
699,IN,Tippecanoe,8742,"34,210"
700,IN,Boone,1446,"62,698"
701,IN,Boone,173,"62,698"
702,IN,Boone,807,"62,698"
703,IN,Boone,1426,"62,698"
704,IN,Boone,657,"62,698"
705,IN,Boone,6168,"62,698"
706,IN,Miami,1273,"31,354"
707,IN,Noble,1915,"34,625"
708,IN,Noble,626,"34,625"
709,IN,Noble,1609,"34,625"
710,IN,Noble,3077,"34,625"
711,IN,Noble,606,"34,625"
712,IN,Noble,1480,"34,625"
713,IN,Noble,13460,"34,625"
714,IN,Owen,1095,"33,173"
715,IN,Owen,909,"33,173"
716,IN,Owen,1565,"33,173"
717,IN,Owen,662,"33,173"
718,IN,Cass,338,"34,954"
719,IN,Cass,2119,"34,954"
720,IN,Cass,344,"34,954"
721,IN,Cass,1798,"34,954"
722,IN,Cass,676,"34,954"
723,IN,Cass,823,"34,954"
724,IN,Cass,1999,"34,954"
725,IN,Cass,576,"34,954"
726,IN,Posey,3931,"45,646"
727,IN,Posey,483,"45,646"
728,IN,Posey,1037,"45,646"
729,IN,Posey,2985,"45,646"
730,IN,Posey,1035,"45,646"
731,IN,Posey,1815,"45,646"
732,IN,Posey,1863,"45,646"
733,IN,Johnson,499,"42,691"
734,IN,Johnson,479,"42,691"
735,IN,Johnson,4205,"42,691"
736,IN,Johnson,1365,"42,691"
737,IN,Johnson,3577,"42,691"
738,IN,Johnson,197,"42,691"
739,IN,Johnson,3627,"42,691"
740,IN,Johnson,2475,"42,691"
741,IN,Jennings,1416,"34,177"
742,IN,Jennings,790,"34,177"
743,IN,Jennings,815,"34,177"
744,IN,Jennings,6471,"34,177"
745,IN,Delaware,3475,"32,666"
746,IN,Delaware,36921,"32,666"
747,IN,Delaware,1429,"32,666"
748,IN,Benton,3128,"39,432"
749,IN,Benton,3609,"39,432"
750,IN,Orange,700,"31,901"
751,IN,Orange,3921,"31,901"
752,IN,Orange,763,"31,901"
753,IN,Henry,2934,"33,164"
754,IN,Henry,21596,"33,164"
755,IN,Brown,2647,"40,633"
756,IN,Brown,12848,"40,633"
757,IN,Brown,1722,"40,633"
758,IN,Brown,13349,"40,633"
759,IN,Brown,1563,"40,633"
760,IN,Brown,1184,"40,633"
761,IN,Howard,2558,"36,841"
762,IN,Howard,343,"36,841"
763,IN,Howard,1269,"36,841"
764,IN,Newton,794,"36,608"
765,IN,Greene,968,"34,568"
766,IN,Greene,421,"34,568"
767,IN,Greene,3250,"34,568"
768,IN,Pike,875,"36,602"
769,IN,Pike,82778,"36,602"
770,IN,Pike,509,"36,602"
771,IN,Pike,1186,"36,602"
772,IN,Shelby,1129,"39,033"
773,IN,Shelby,986,"39,033"
774,IN,Shelby,1888,"39,033"
775,IN,Shelby,2723,"39,033"
776,IN,Clark,2715,"40,151"
777,IN,Clark,1841,"40,151"
778,IN,Clark,1184,"40,151"
779,IN,Vigo,3964,"34,509"
780,IN,Scott,1721,"33,426"
781,IN,Scott,827,"33,426"
782,IN,Scott,1120,"33,426"
783,IN,Scott,8963,"33,426"
784,IN,Allen,670,"40,471"
785,IN,Allen,7208,"40,471"
786,IN,Ripley,985,"37,430"
787,IN,Ripley,2071,"37,430"
788,IN,Randolph,4170,"35,269"
789,IN,Randolph,1084,"35,269"
790,IN,Floyd,4051,"47,171"
791,IN,Hendricks,1276,"42,937"
792,IN,Steuben,2859,"36,506"
793,IN,Steuben,471,"36,506"
794,IN,Vermillion,877,"35,532"
795,IN,Fayette,2600,"35,734"
796,IN,Gibson,1168,"40,959"
797,IA,Adair,704,"45,386"
798,IA,Adair,686,"45,386"
799,IA,Adair,18,"45,386"
800,IA,Audubon,1912,"46,872"
801,IA,Benton,41,"47,565"
802,IA,Boone,12470,"45,036"
803,IA,Carroll,9812,"49,617"
804,IA,Cherokee,4900,"55,347"
805,IA,Clayton,39,"44,107"
806,IA,Clinton,25184,"39,659"
807,IA,Delaware,151,"44,837"
808,IA,Des Moines,216853,"46,007"
809,IA,Des Moines,216624,"46,007"
810,IA,Des Moines,229,"46,007"
811,IA,Dubuque,57941,"42,870"
812,IA,Fayette,1374,"39,680"
813,IA,Floyd,318,"41,127"
814,IA,Franklin,134,"50,235"
815,IA,Fremont,718,"43,944"
816,IA,Greene,1068,"48,116"
817,IA,Greene,1068,"48,116"
818,IA,Greene,0,"48,116"
819,IA,Hamilton,133,"50,618"
820,IA,Hancock,195,"50,657"
821,IA,Humboldt,4589,"45,629"
822,IA,Jefferson,4148,"37,397"
823,IA,Keokuk,10274,"42,783"
824,IA,Lucas,209,"37,890"
825,IA,Marion,39979,"40,851"
826,IA,Marshall,27068,"38,463"
827,IA,Mitchell,131,"57,565"
828,IA,Monona,1477,"43,238"
829,IA,Monroe,1874,"38,175"
830,IA,Muscatine,23817,"42,450"
831,IA,Osceola,5193,"57,030"
832,IA,Plymouth,363,"52,006"
833,IA,Pocahontas,1663,"51,035"
834,IA,Shelby,616,"50,283"
835,IA,Shelby,23,"50,283"
836,IA,Shelby,593,"50,283"
837,IA,Tama,2745,"40,729"
838,IA,Union,382,"37,907"
839,IA,Wapello,2026,"34,477"
840,IA,Washington,7309,"51,235"
841,IA,Webster,71,"42,161"
842,KS,Allen,174,"36,328"
843,KS,Allen,21,"36,328"
844,KS,Allen,81,"36,328"
845,KS,Atchison,10560,"33,996"
846,KS,Chase,436,"41,188"
847,KS,Chautauqua,93,"40,592"
848,KS,Cherokee,709,"32,957"
849,KS,Cherokee,307,"32,957"
850,KS,Cherokee,435,"32,957"
851,KS,Ellis,2029,"47,125"
852,KS,Ellis,403,"47,125"
853,KS,Ellsworth,2999,"38,612"
854,KS,Ellsworth,686,"38,612"
855,KS,Ford,217,"32,681"
856,KS,Ford,367,"32,681"
857,KS,Greeley,296,"49,392"
858,KS,Greeley,808,"49,392"
859,KS,Greeley,1028,"49,392"
860,KS,Hamilton,243,"70,366"
861,KS,Harper,1333,"44,958"
862,KS,Harper,132,"44,958"
863,KS,Jewell,398,"45,261"
864,KS,Kingman,2906,"41,913"
865,KS,Kingman,108,"41,913"
866,KS,Kiowa,941,"31,897"
867,KS,Kiowa,1040,"31,897"
868,KS,Labette,72,"37,052"
869,KS,Labette,365,"37,052"
870,KS,Lane,226,"79,792"
871,KS,Lane,103,"79,792"
872,KS,Lane,107,"79,792"
873,KS,Leavenworth,36062,"38,217"
874,KS,Linn,385,"32,225"
875,KS,Linn,531,"32,225"
876,KS,Logan,542,"46,771"
877,KS,Logan,207,"46,771"
878,KS,Logan,129,"46,771"
879,KS,Logan,121,"46,771"
880,KS,Logan,32,"46,771"
881,KS,Logan,215,"46,771"
882,KS,Logan,31,"46,771"
883,KS,Logan,210,"46,771"
884,KS,Logan,64,"46,771"
885,KS,Logan,100,"46,771"
886,KS,Logan,256,"46,771"
887,KS,Logan,79,"46,771"
888,KS,Logan,119,"46,771"
889,KS,Logan,75,"46,771"
890,KS,Logan,46,"46,771"
891,KS,Logan,583,"46,771"
892,KS,Logan,97,"46,771"
893,KS,Logan,220,"46,771"
894,KS,Logan,34,"46,771"
895,KS,Logan,98,"46,771"
896,KS,McPherson,13077,"47,435"
897,KS,McPherson,517,"47,435"
898,KS,McPherson,41,"47,435"
899,KS,Marion,1787,"36,386"
900,KS,Marion,1073,"36,386"
901,KS,Marion,203,"36,386"
902,KS,Marion,857,"36,386"
903,KS,Marion,92,"36,386"
904,KS,Marion,388,"36,386"
905,KS,Meade,1565,"55,983"
906,KS,Norton,2768,"41,647"
907,KS,Norton,905,"41,647"
908,KS,Osborne,1291,"42,878"
909,KS,Osborne,244,"42,878"
910,KS,Ottawa,12267,"36,310"
911,KS,Ottawa,824,"36,310"
912,KS,Ottawa,44,"36,310"
913,KS,Pratt,6630,"45,391"
914,KS,Republic,108,"44,780"
915,KS,Republic,98,"44,780"
916,KS,Republic,10,"44,780"
917,KS,Riley,954,"38,338"
918,KS,Russell,4463,"52,011"
919,KS,Russell,82,"52,011"
920,KS,Sedgwick,1641,"50,815"
921,KS,Sedgwick,1448,"50,815"
922,KS,Sedgwick,1793,"50,815"
923,KS,Sedgwick,193,"50,815"
924,KS,Seward,63,"36,597"
925,KS,Seward,295,"36,597"
926,KS,Shawnee,65845,"41,498"
927,KS,Shawnee,428,"41,498"
928,KS,Stafford,956,"56,581"
929,KS,Stafford,1068,"56,581"
930,KS,Wallace,59,"51,833"
931,KS,Wallace,154,"51,833"
932,KS,Washington,1062,"43,948"
933,KS,Washington,267,"43,948"
934,KS,Washington,492,"43,948"
935,KS,Washington,76,"43,948"
936,KS,Washington,3466,"43,948"
937,KS,Washington,2984,"43,948"
938,KS,Washington,51,"43,948"
939,KS,Washington,373,"43,948"
940,KS,Washington,71,"43,948"
941,KS,Washington,168,"43,948"
942,KS,Washington,83,"43,948"
943,KS,Washington,53,"43,948"
944,KS,Washington,75,"43,948"
945,KS,Washington,166,"43,948"
946,KS,Wichita,389255,"83,074"
947,KS,Wilson,736,"39,854"
948,KS,Wilson,830,"39,854"
949,KS,Wilson,53,"39,854"
950,KS,Wilson,193,"39,854"
951,KS,Wilson,108,"39,854"
952,KS,Osage,242,"36,926"
953,KS,Osage,344,"36,926"
954,KS,Osage,762,"36,926"
955,KS,Osage,784,"36,926"
956,KS,Osage,675,"36,926"
957,KS,Jackson,451,"36,827"
958,KS,Jackson,54,"36,827"
959,KS,Jackson,56,"36,827"
960,KS,Jackson,88,"36,827"
961,KS,Jackson,976,"36,827"
962,KS,Jackson,174,"36,827"
963,KS,Jackson,35,"36,827"
964,KS,Jackson,316,"36,827"
965,KS,Jackson,134,"36,827"
966,KS,Lincoln,188,"36,138"
967,KS,Lincoln,311,"36,138"
968,KS,Lincoln,326,"36,138"
969,KS,Lincoln,1224,"36,138"
970,KS,Lincoln,836,"36,138"
971,KS,Lincoln,167,"36,138"
972,KS,Lincoln,1562,"36,138"
973,KS,Lincoln,111,"36,138"
974,KS,Lincoln,42,"36,138"
975,KS,Lincoln,868,"36,138"
976,KS,Lincoln,2564,"36,138"
977,KS,Lincoln,115,"36,138"
978,KS,Lincoln,289,"36,138"
979,KS,Lincoln,140,"36,138"
980,KS,Lincoln,148,"36,138"
981,KS,Lincoln,22,"36,138"
982,KS,Lincoln,137,"36,138"
983,KS,Lincoln,662,"36,138"
984,KS,Lincoln,94,"36,138"
985,KS,Lincoln,520,"36,138"
986,KS,Lincoln,149,"36,138"
987,KS,Lincoln,540,"36,138"
988,KS,Lincoln,91,"36,138"
989,KS,Lincoln,64,"36,138"
990,KS,Lincoln,121,"36,138"
991,KS,Lincoln,52,"36,138"
992,KS,Cheyenne,194,"42,686"
993,KS,Cheyenne,281,"42,686"
994,KS,Comanche,438,"38,696"
995,KS,Grant,50,"51,243"
996,KS,Grant,319,"51,243"
997,KS,Grant,66,"51,243"
998,KS,Grant,237,"51,243"
999,KS,Grant,11,"51,243"
1000,KS,Grant,966,"51,243"
1001,KS,Grant,400,"51,243"
1002,KS,Grant,163,"51,243"
1003,KS,Grant,68,"51,243"
1004,KS,Grant,126,"51,243"
1005,KS,Grant,325,"51,243"
1006,KS,Grant,265,"51,243"
1007,KS,Grant,27,"51,243"
1008,KS,Grant,77,"51,243"
1009,KS,Grant,179,"51,243"
1010,KS,Grant,311,"51,243"
1011,KS,Grant,1319,"51,243"
1012,KS,Grant,918,"51,243"
1013,KS,Grant,185,"51,243"
1014,KS,Grant,5277,"51,243"
1015,KS,Grant,79,"51,243"
1016,KS,Grant,21,"51,243"
1017,KS,Franklin,347,"37,003"
1018,KS,Franklin,76,"37,003"
1019,KS,Franklin,3034,"37,003"
1020,KS,Franklin,90,"37,003"
1021,KS,Franklin,300,"37,003"
1022,KS,Franklin,103,"37,003"
1023,KS,Franklin,36,"37,003"
1024,KS,Franklin,110,"37,003"
1025,KS,Pawnee,298,"42,814"
1026,KS,Pawnee,436,"42,814"
1027,KS,Pawnee,22,"42,814"
1028,KS,Scott,2265,"67,443"
1029,KS,Scott,98,"67,443"
1030,KS,Scott,748,"67,443"
1031,KS,Scott,224,"67,443"
1032,KS,Clay,70,"39,251"
1033,KS,Clay,1890,"39,251"
1034,KS,Jefferson,614,"38,324"
1035,KS,Jefferson,175,"38,324"
1036,KS,Jefferson,1976,"38,324"
1037,KS,Jefferson,1143,"38,324"
1038,KS,Jefferson,37,"38,324"
1039,KS,Jefferson,99,"38,324"
1040,KS,Crawford,590,"33,475"
1041,KS,Crawford,946,"33,475"
1042,KS,Lyon,523,"33,378"
1043,KS,Lyon,113,"33,378"
1044,KS,Lyon,13,"33,378"
1045,KS,Lyon,237,"33,378"
1046,KS,Lyon,288,"33,378"
1047,KS,Neosho,263,"35,565"
1048,KS,Neosho,124,"35,565"
1049,KS,Neosho,169,"35,565"
1050,KS,Sheridan,212,"52,677"
1051,KS,Sheridan,150,"52,677"
1052,KS,Sheridan,1392,"52,677"
1053,KS,Sheridan,537,"52,677"
1054,KS,Sheridan,436,"52,677"
1055,KS,Sheridan,295,"52,677"
1056,KS,Sheridan,95,"52,677"
1057,KS,Elk,743,"39,799"
1058,KS,Elk,1847,"39,799"
1059,KS,Pottawatomie,197,"48,438"
1060,KS,Pottawatomie,611,"48,438"
1061,KS,Pottawatomie,656,"48,438"
1062,KS,Harvey,92,"38,197"
1063,KS,Harvey,82,"38,197"
1064,KS,Sherman,537,"36,625"
1065,KS,Sherman,14,"36,625"
1066,KS,Sherman,160,"36,625"
1067,KS,Sherman,57,"36,625"
1068,KS,Sherman,2819,"36,625"
1069,KS,Sherman,52,"36,625"
1070,KS,Sherman,138,"36,625"
1071,KS,Sherman,547,"36,625"
1072,KS,Sherman,1800,"36,625"
1073,KS,Sherman,217,"36,625"
1074,KS,Thomas,54,"39,719"
1075,KS,Greenwood,464,"40,168"
1076,KS,Greenwood,39,"40,168"
1077,KS,Gove,153,"53,858"
1078,KS,Graham,52,"49,814"
1079,KS,Haskell,1950,"74,156"
1080,KS,Reno,1506,"36,148"
1081,KS,Reno,4353,"36,148"
1082,KS,Stanton,182,"55,496"
1083,KS,Stanton,854,"55,496"
1084,KS,Stanton,28,"55,496"
1085,KS,Clark,140,"51,097"
1086,KS,Miami,545,"41,823"
1087,KS,Miami,444,"41,823"
1088,KS,Mitchell,256,"49,249"
1089,KS,Mitchell,121,"49,249"
1090,KS,Nemaha,153,"50,505"
1091,KS,Johnson,63,"63,277"
1092,KS,Sumner,157,"36,574"
1093,KS,Sumner,45,"36,574"
1094,KS,Sumner,633,"36,574"
1095,KS,Sumner,119,"36,574"
1096,KS,Morton,439,"38,439"
1097,KS,Morton,51,"38,439"
1098,KS,Morton,2761,"38,439"
1099,KS,Douglas,108,"37,883"
1100,KS,Morris,24,"39,588"
1101,KS,Smith,266,"40,583"
1102,KS,Wabaunsee,521,"45,431"
1103,KY,Allen,176,"28,593"
1104,KY,Butler,582,"31,131"
1105,KY,Carlisle,1959,"42,485"
1106,KY,Clay,1117,"27,255"
1107,KY,Clinton,1263,"29,631"
1108,KY,Crittenden,3899,"33,019"
1109,KY,Crittenden,3899,"33,019"
1110,KY,Crittenden,0,"33,019"
1111,KY,Cumberland,1967,"30,581"
1112,KY,Franklin,8969,"38,667"
1113,KY,Fulton,2176,"32,758"
1114,KY,Grayson,3944,"30,255"
1115,KY,Greenup,1116,"36,320"
1116,KY,Hardin,610,"38,575"
1117,KY,Harlan,1531,"27,778"
1118,KY,Henderson,28432,"36,154"
1119,KY,Hickman,2156,"44,746"
1120,KY,Jackson,1979,"26,195"
1121,KY,Jefferson,27997,"44,719"
1122,KY,Livingston,219,"33,691"
1123,KY,Marion,2872,"31,651"
1124,KY,Martin,560,"25,670"
1125,KY,Morgan,2407,"24,605"
1126,KY,Russell,3245,"31,076"
1127,KY,Union,5930,"33,296"
1128,KY,Union,938,"33,296"
1129,LA,Franklin,6786,"27,693"
1130,LA,Jackson,3725,"32,037"
1131,LA,Lafayette,126143,"53,215"
1132,LA,Livingston,1955,"37,337"
1133,LA,Natchitoches,17831,"33,525"
1134,LA,Washington,929,"30,972"
1135,ME,Cumberland,8165,"51,659"
1136,ME,Franklin,1547,"35,108"
1137,ME,Hancock,2415,"44,349"
1138,ME,Penobscot,1211,"36,425"
1139,ME,Washington,1512,"35,752"
1140,ME,Oxford,4101,"33,163"
1141,ME,Lincoln,4908,"44,159"
1142,ME,Knox,792,"42,538"
1143,ME,Waldo,860,"36,097"
1144,ME,York,13151,"44,437"
1145,MD,Baltimore,602495,"53,832"
1146,MD,Baltimore,602495,"44,086"
1147,MD,Charles,1195,"50,620"
1148,MD,Frederick,72146,"53,601"
1149,MD,Somerset,1280,"29,709"
1150,MA,Worcester,185877,"49,121"
1151,MA,Essex,3789,"57,540"
1152,MA,Hampden,5220,"44,760"
1153,MA,Nantucket,11327,"106,895"
1154,MA,Norfolk,11988,"77,194"
1155,MA,Plymouth,60803,"56,571"
1156,MI,Allegan,5034,"38,552"
1157,MI,Allegan,4630,"38,552"
1158,MI,Alpena,9963,"35,078"
1159,MI,Alpena,8723,"35,078"
1160,MI,Charlevoix,2499,"43,027"
1161,MI,Charlevoix,1661,"43,027"
1162,MI,Cheboygan,4712,"33,728"
1163,MI,Clare,3069,"29,615"
1164,MI,Clare,3004,"29,615"
1165,MI,Clare,3004,"29,615"
1166,MI,Clare,65,"29,615"
1167,MI,Clare,65,"29,615"
1168,MI,Gladwin,2887,"30,730"
1169,MI,Gladwin,1103,"30,730"
1170,MI,Hillsdale,8049,"31,050"
1171,MI,Hillsdale,2005,"31,050"
1172,MI,Houghton,7993,"32,322"
1173,MI,Houghton,81,"32,322"
1174,MI,Ionia,10952,"30,260"
1175,MI,Ionia,3931,"30,260"
1176,MI,Jackson,32605,"34,054"
1177,MI,Kalamazoo,76545,"41,547"
1178,MI,Lapeer,8621,"36,820"
1179,MI,Lapeer,5034,"36,820"
1180,MI,Manistee,6116,"32,946"
1181,MI,Manistee,4062,"32,946"
1182,MI,Marquette,20680,"35,194"
1183,MI,Marquette,587,"35,194"
1184,MI,Mason,8458,"35,709"
1185,MI,Mason,806,"35,709"
1186,MI,Mason,2972,"35,709"
1187,MI,Menominee,8108,"37,545"
1188,MI,Menominee,3364,"37,545"
1189,MI,Midland,41800,"40,836"
1190,MI,Midland,156,"40,836"
1191,MI,Midland,156,"40,836"
1192,MI,Midland,41644,"40,836"
1193,MI,Midland,41644,"40,836"
1194,MI,Monroe,19715,"39,996"
1195,MI,Monroe,322,"39,996"
1196,MI,Muskegon,37287,"33,447"
1197,MI,Newaygo,2058,"32,273"
1198,MI,Otsego,4002,"36,169"
1199,MI,Otsego,5818,"36,169"
1200,MI,Saginaw,48323,"34,086"
1201,MI,St. Clair,5306,"37,646"
1202,MI,St. Clair,7012,"37,646"
1203,MI,St. Joseph,8355,"32,629"
1204,MI,Wayne,16896,"36,914"
1205,MI,Wayne,2588,"36,914"
1206,MI,Alcona,913,"32,714"
1207,MI,Lake,5847,"27,540"
1208,MI,Lake,765,"27,540"
1209,MI,Lake,806,"27,540"
1210,MI,Lake,888,"27,540"
1211,MI,Lake,537,"27,540"
1212,MI,Lake,2841,"27,540"
1213,MI,Lake,1194,"27,540"
1214,MI,Arenac,853,"32,089"
1215,MI,Baraga,3595,"29,722"
1216,MI,Barry,3495,"39,022"
1217,MI,Berrien,5027,"40,046"
1218,MI,Bay,1126,"36,517"
1219,MI,Chippewa,211,"29,311"
1220,MI,Chippewa,4679,"29,311"
1221,MI,Chippewa,1221,"29,311"
1222,MI,Eaton,4132,"36,492"
1223,MI,Osceola,1841,"31,532"
1224,MI,Osceola,1068,"31,532"
1225,MI,Schoolcraft,1798,"34,505"
1226,MI,Schoolcraft,9037,"34,505"
1227,MI,Huron,416,"40,869"
1228,MI,Ingham,2524,"35,503"
1229,MI,Isabella,2249,"31,088"
1230,MI,Kalkaska,4897,"31,621"
1231,MI,Leelanau,2025,"61,797"
1232,MI,Clinton,3538,"39,611"
1233,MI,Clinton,421,"39,611"
1234,MI,Iosco,3847,"32,125"
1235,MI,Macomb,90758,"40,077"
1236,MI,Branch,1351,"31,693"
1237,MI,Mecosta,2676,"28,828"
1238,MI,Montcalm,3400,"29,737"
1239,MI,Montmorency,1059,"31,075"
1240,MI,Ogemaw,1180,"30,350"
1241,MI,Ontonagon,2220,"33,752"
1242,MI,Livingston,2585,"47,921"
1243,MI,Presque Isle,1575,"33,073"
1244,MI,Roscommon,4324,"31,989"
1245,MI,Sanilac,2311,"32,829"
1246,MI,Antrim,2095,"39,601"
1247,MI,Shiawassee,2734,"33,682"
1248,MI,Tuscola,1948,"32,892"
1249,MI,Wexford,1103,"31,465"
1250,MN,Aitkin,2001,"35,185"
1251,MN,Aitkin,878,"35,185"
1252,MN,Anoka,17543,"44,544"
1253,MN,Becker,4912,"42,497"
1254,MN,Becker,539,"42,497"
1255,MN,Becker,5461,"42,497"
1256,MN,Beltrami,102,"36,353"
1257,MN,Blue Earth,3133,"41,843"
1258,MN,Carlton,1039,"37,416"
1259,MN,Carver,4960,"62,392"
1260,MN,Clearwater,1799,"38,105"
1261,MN,Clearwater,0,"38,105"
1262,MN,Clearwater,0,"38,105"
1263,MN,Clearwater,1799,"38,105"
1264,MN,Clearwater,1379,"38,105"
1265,MN,Cook,563,"46,912"
1266,MN,Cottonwood,1245,"45,729"
1267,MN,Cottonwood,832,"45,729"
1268,MN,Dakota,308,"52,542"
1269,MN,Faribault,23851,"39,312"
1270,MN,Freeborn,276,"39,340"
1271,MN,Freeborn,272,"39,340"
1272,MN,Goodhue,1178,"47,511"
1273,MN,Goodhue,527,"47,511"
1274,MN,Grant,4152,"47,075"
1275,MN,Houston,966,"45,395"
1276,MN,Houston,384,"45,395"
1277,MN,Isanti,5901,"38,327"
1278,MN,Isanti,2394,"38,327"
1279,MN,Jackson,3201,"49,921"
1280,MN,Jackson,1608,"49,921"
1281,MN,Kandiyohi,479,"45,733"
1282,MN,Kandiyohi,653,"45,733"
1283,MN,Le Sueur,4019,"42,843"
1284,MN,Le Sueur,4019,"42,843"
1285,MN,Le Sueur,0,"42,843"
1286,MN,Le Sueur,0,"42,843"
1287,MN,Mahnomen,1242,"34,463"
1288,MN,Marshall,13530,"45,141"
1289,MN,Marshall,374,"45,141"
1290,MN,Nicollet,1151,"44,555"
1291,MN,Nicollet,537,"44,555"
1292,MN,Pipestone,4021,"54,075"
1293,MN,Ramsey,26928,"47,960"
1294,MN,Renville,1189,"49,426"
1295,MN,Rice,1377,"38,617"
1296,MN,Rice,159,"38,617"
1297,MN,Roseau,2660,"42,816"
1298,MN,Wabasha,2477,"43,540"
1299,MN,Wadena,4094,"35,655"
1300,MN,Wadena,72,"35,655"
1301,MN,Wadena,72,"35,655"
1302,MN,Wadena,4022,"35,655"
1303,MN,Wadena,4022,"35,655"
1304,MN,Wadena,876,"35,655"
1305,MN,Waseca,8904,"44,837"
1306,MN,Winona,26813,"43,901"
1307,MN,Wright,126,"43,626"
1308,MN,Wright,115,"43,626"
1309,MN,Morrison,198,"38,188"
1310,MN,Big Stone,268,"49,247"
1311,MN,Lincoln,200,"45,516"
1312,MN,Lincoln,116,"45,516"
1313,MN,Benton,827,"38,515"
1314,MN,Lake,2221,"43,372"
1315,MN,Lake,2010,"43,372"
1316,MN,Lake,448,"43,372"
1317,MN,Itasca,133,"37,927"
1318,MN,Crow Wing,2092,"39,815"
1319,MN,Douglas,755,"47,165"
1320,MN,Fillmore,478,"41,274"
1321,MN,Clay,75,"39,771"
1322,MN,Hubbard,798,"36,535"
1323,MN,Hubbard,76,"36,535"
1324,MN,Todd,1438,"37,325"
1325,MN,Kanabec,932,"36,612"
1326,MN,Lac qui Parle,164,"52,937"
1327,MN,Washington,739,"57,716"
1328,MN,Murray,172,"55,025"
1329,MN,Traverse,340,"52,402"
1330,MN,Otter Tail,491,"43,755"
1331,MN,Norman,257,"39,225"
1332,MN,Norman,253,"39,225"
1333,MN,Rock,177,"51,342"
1334,MN,Martin,379,"48,864"
1335,MN,Sibley,252,"43,743"
1336,MN,Scott,145,"51,927"
1337,MN,Stevens,72,"54,452"
1338,MS,Coahoma,329,"30,204"
1339,MS,George,277,"31,656"
1340,MS,Grenada,12466,"31,056"
1341,MS,Jackson,164422,"34,845"
1342,MS,Jackson,163803,"34,845"
1343,MS,Jackson,618,"34,845"
1344,MS,Jackson,1,"34,845"
1345,MS,Jones,1121,"37,554"
1346,MS,Madison,25676,"58,444"
1347,MS,Marion,1479,"29,193"
1348,MS,Newton,3223,"33,198"
1349,MS,Pontotoc,6144,"29,277"
1350,MS,Prentiss,952,"27,723"
1351,MS,Quitman,2111,"24,420"
1352,MS,Sunflower,1007,"26,883"
1353,MS,Tishomingo,331,"29,121"
1354,MS,Tunica,916,"30,581"
1355,MS,Union,1924,"29,254"
1356,MS,Union,499,"29,254"
1357,MS,Union,1425,"29,254"
1358,MO,Benton,857,"33,046"
1359,MO,Benton,510,"33,046"
1360,MO,Benton,478,"33,046"
1361,MO,Butler,4038,"33,838"
1362,MO,Butler,129,"33,838"
1363,MO,Camden,186,"33,069"
1364,MO,Camden,1709,"33,069"
1365,MO,Cape Girardeau,39853,"39,642"
1366,MO,Cape Girardeau,39853,"39,642"
1367,MO,Cape Girardeau,0,"39,642"
1368,MO,Clark,290,"34,319"
1369,MO,Clark,0,"34,319"
1370,MO,Clark,437,"34,319"
1371,MO,Clark,290,"34,319"
1372,MO,Clinton,8947,"39,940"
1373,MO,Clinton,8517,"39,940"
1374,MO,Clinton,8010,"39,940"
1375,MO,Clinton,937,"39,940"
1376,MO,Clinton,1623,"39,940"
1377,MO,Franklin,95,"38,008"
1378,MO,Franklin,468,"38,008"
1379,MO,Gasconade,214,"34,772"
1380,MO,Holt,475,"46,764"
1381,MO,Holt,400,"46,764"
1382,MO,Holt,75,"46,764"
1383,MO,Jackson,14994,"40,881"
1384,MO,Jackson,663,"40,881"
1385,MO,Jackson,1405,"40,881"
1386,MO,Jackson,131,"40,881"
1387,MO,Jackson,164,"40,881"
1388,MO,Jackson,529,"40,881"
1389,MO,Jackson,904,"40,881"
1390,MO,Jackson,153,"40,881"
1391,MO,Jackson,1208,"40,881"
1392,MO,Jasper,965,"35,333"
1393,MO,Laclede,327,"31,349"
1394,MO,Lewis,515,"33,665"
1395,MO,Lincoln,1191,"34,561"
1396,MO,Lincoln,410,"34,561"
1397,MO,Lincoln,107,"34,561"
1398,MO,Lincoln,508,"34,561"
1399,MO,Lincoln,99,"34,561"
1400,MO,Lincoln,355,"34,561"
1401,MO,Lincoln,318,"34,561"
1402,MO,Linn,1607,"36,069"
1403,MO,Macon,5355,"35,456"
1404,MO,Madison,541,"33,844"
1405,MO,Madison,603,"33,844"
1406,MO,Madison,409,"33,844"
1407,MO,Madison,224,"33,844"
1408,MO,Mercer,304,"38,727"
1409,MO,Miller,683,"32,258"
1410,MO,Miller,423,"32,258"
1411,MO,New Madrid,2857,"30,964"
1412,MO,Oregon,765,"27,034"
1413,MO,Ozark,20188,"27,850"
1414,MO,Ozark,1023,"27,850"
1415,MO,Ozark,468,"27,850"
1416,MO,Perry,694,"36,259"
1417,MO,Ray,28993,"36,379"
1418,MO,St. Charles,70764,"46,189"
1419,MO,St. Clair,4698,"28,289"
1420,MO,Ste. Genevieve,4442,"35,322"
1421,MO,St. Louis,302838,"61,078"
1422,MO,St. Louis,302838,"40,932"
1423,MO,Sullivan,7108,"42,852"
1424,MO,Sullivan,1463,"42,852"
1425,MO,Sullivan,5645,"42,852"
1426,MO,Washington,14055,"26,048"
1427,MO,Washington,161,"26,048"
1428,MO,Washington,139,"26,048"
1429,MO,Washington,1814,"26,048"
1430,MO,Washington,110,"26,048"
1431,MO,Washington,106,"26,048"
1432,MO,Washington,399,"26,048"
1433,MO,Washington,327,"26,048"
1434,MO,Washington,2412,"26,048"
1435,MO,Howard,527,"35,953"
1436,MO,Howard,98,"35,953"
1437,MO,Osage,1714,"42,259"
1438,MO,Osage,758,"42,259"
1439,MO,Osage,281,"42,259"
1440,MO,Chariton,234,"43,074"
1441,MO,Harrison,81,"33,842"
1442,MO,Harrison,105,"33,842"
1443,MO,Harrison,216,"33,842"
1444,MO,Harrison,287,"33,842"
1445,MO,Jefferson,502,"36,892"
1446,MO,Jefferson,431,"36,892"
1447,MO,Jefferson,312,"36,892"
1448,MO,Jefferson,688,"36,892"
1449,MO,Jefferson,784,"36,892"
1450,MO,Marion,222,"36,467"
1451,MO,Marion,240,"36,467"
1452,MO,Marion,417,"36,467"
1453,MO,Marion,801,"36,467"
1454,MO,Monroe,151,"41,250"
1455,MO,Monroe,293,"41,250"
1456,MO,Monroe,382,"41,250"
1457,MO,Dallas,328,"29,793"
1458,MO,Dallas,203,"29,793"
1459,MO,Polk,743,"30,573"
1460,MO,Polk,15339,"30,573"
1461,MO,Clay,1325,"43,140"
1462,MO,Clay,80,"43,140"
1463,MO,Clay,235,"43,140"
1464,MO,Cooper,1849,"34,347"
1465,MO,Morgan,1431,"37,968"
1466,MO,Atchison,366,"53,154"
1467,MO,Nodaway,771,"28,986"
1468,MO,Pike,3726,"32,905"
1469,MO,Boone,316,"42,194"
1470,MO,Carroll,1032,"44,693"
1471,MO,Cass,1233,"40,815"
1472,MO,Henry,222,"38,036"
1473,MT,Cascade,685,"41,893"
1474,MT,Deer Lodge,2916,"34,245"
1475,MT,Missoula,74428,"40,858"
1476,MT,Sheridan,750,"57,613"
1477,MT,Wibaux,625,"46,461"
1478,NE,Franklin,942,"42,262"
1479,NE,Franklin,214,"42,262"
1480,NE,Franklin,198,"42,262"
1481,NE,Grant,1131,"57,030"
1482,NE,Grant,130,"57,030"
1483,NE,Grant,62,"57,030"
1484,NE,Grant,107,"57,030"
1485,NE,Grant,176,"57,030"
1486,NE,Grant,67,"57,030"
1487,NE,Kearney,33761,"84,898"
1488,NE,Kimball,2360,"45,619"
1489,NE,Lincoln,287401,"46,012"
1490,NE,Lincoln,192,"46,012"
1491,NE,Lincoln,105,"46,012"
1492,NE,Lincoln,251,"46,012"
1493,NE,Lincoln,1827,"46,012"
1494,NE,Lincoln,735,"46,012"
1495,NE,Madison,2381,"44,682"
1496,NE,Madison,530,"44,682"
1497,NE,Pierce,1726,"55,980"
1498,NE,Seward,7220,"45,424"
1499,NE,Stanton,1511,"42,472"
1500,NE,Stanton,656,"42,472"
1501,NE,Valley,2845,"42,877"
1502,NE,Valley,171,"42,877"
1503,NE,Wayne,5622,"42,017"
1504,NE,Wayne,141,"42,017"
1505,NE,York,7866,"45,992"
1506,NE,Blaine,193,"76,590"
1507,NE,Blaine,168,"76,590"
1508,NE,Blaine,612,"76,590"
1509,NE,Logan,71,"52,193"
1510,NE,Logan,178,"52,193"
1511,NE,Logan,111,"52,193"
1512,NE,Logan,194,"52,193"
1513,NE,Logan,193,"52,193"
1514,NE,Logan,425,"52,193"
1515,NE,Logan,212,"52,193"
1516,NE,Logan,159,"52,193"
1517,NE,Logan,68,"52,193"
1518,NE,Platte,165,"45,694"
1519,NE,Platte,2232,"45,694"
1520,NE,Richardson,401,"45,607"
1521,NE,Sheridan,81,"48,447"
1522,NE,Sheridan,214,"48,447"
1523,NE,Cuming,233,"76,262"
1524,NE,Cuming,240,"76,262"
1525,NE,Garfield,225,"49,578"
1526,NE,Garfield,122,"49,578"
1527,NE,Sherman,530,"42,473"
1528,NE,Sherman,174,"42,473"
1529,NE,Sherman,69,"42,473"
1530,NE,Sherman,220,"42,473"
1531,NE,Custer,103,"50,971"
1532,NE,Hayes,27,"67,864"
1533,NE,Hayes,1516,"67,864"
1534,NE,Loup,130,"63,956"
1535,NE,Loup,744,"63,956"
1536,NE,Loup,139,"63,956"
1537,NE,Hooker,210,"62,747"
1538,NE,Hooker,177,"62,747"
1539,NE,Webster,868,"46,771"
1540,NE,Hamilton,118,"49,510"
1541,NE,Antelope,205,"53,502"
1542,NE,Antelope,30,"53,502"
1543,NE,Washington,117,"50,337"
1544,NE,Washington,77,"50,337"
1545,NE,Adams,912,"45,289"
1546,NE,Holt,439,"54,408"
1547,NE,Nemaha,567,"46,991"
1548,NE,Jefferson,112,"47,692"
1549,NE,Cedar,61,"55,188"
1550,NE,Butler,619,"45,842"
1551,NE,Douglas,202,"57,890"
1552,NE,Dawes,352,"36,465"
1553,NE,Thayer,130,"52,541"
1554,NV,Carson City,55414,"42,537"
1555,NV,Elko,20341,"42,169"
1556,NH,Sullivan,675,"45,755"
1557,NH,Carroll,742,"50,020"
1558,NH,Grafton,1336,"52,320"
1559,NH,Hillsborough,5992,"53,343"
1560,NH,Merrimack,25969,"51,831"
1561,NH,Strafford,4186,"43,174"
1562,NJ,Burlington,9884,"53,760"
1563,NJ,Burlington,22524,"53,760"
1564,NJ,Camden,73973,"46,905"
1565,NJ,Cape May,3448,"51,473"
1566,NJ,Morris,19145,"84,260"
1567,NJ,Morris,22207,"84,260"
1568,NJ,Passaic,69948,"45,746"
1569,NJ,Salem,4747,"43,087"
1570,NJ,Gloucester,63884,"47,392"
1571,NJ,Union,5525,"59,230"
1572,NJ,Union,58757,"59,230"
1573,NJ,Ocean,26708,"44,949"
1574,NJ,Ocean,9062,"44,949"
1575,NJ,Warren,15745,"49,188"
1576,NM,Bernalillo,10105,"38,593"
1577,NM,Santa Fe,84612,"50,557"
1578,NM,Socorro,8407,"31,804"
1579,NM,Taos,5971,"33,342"
1580,NY,Albany,97279,"53,791"
1581,NY,Cortland,18713,"35,030"
1582,NY,Fulton,11243,"36,869"
1583,NY,Fulton,1317,"36,869"
1584,NY,New York,8398748,"151,128"
1585,NY,New York,1432132,"151,128"
1586,NY,New York,2582830,"151,128"
1587,NY,New York,1628701,"151,128"
1588,NY,New York,2278906,"151,128"
1589,NY,New York,476179,"151,128"
1590,NY,Oneida,10912,"38,764"
1591,NY,Oswego,17337,"34,968"
1592,NY,Oswego,7788,"34,968"
1593,NY,Rensselaer,9212,"42,725"
1594,NY,Schenectady,65575,"45,851"
1595,NY,Genesee,1608,"39,185"
1596,NY,Chenango,10596,"36,583"
1597,NY,Allegany,7597,"31,518"
1598,NY,Chautauqua,4256,"36,101"
1599,NY,Chemung,2462,"39,502"
1600,NY,Greene,5084,"41,786"
1601,NY,Clinton,710,"38,463"
1602,NY,Clinton,4234,"38,463"
1603,NY,Livingston,3473,"36,686"
1604,NY,Franklin,2257,"33,508"
1605,NY,Franklin,1127,"33,508"
1606,NY,Tompkins,1148,"39,067"
1607,NY,Washington,4613,"35,304"
1608,NY,Essex,636,"39,500"
1609,NY,Lewis,1306,"41,061"
1610,NY,Lewis,794,"41,061"
1611,NY,Columbia,1517,"48,801"
1612,NY,Herkimer,9677,"36,386"
1613,NY,Schuyler,3329,"38,118"
1614,NY,Warren,1094,"45,095"
1615,NY,Orleans,2731,"34,128"
1616,NY,Hamilton,6443,"46,724"
1617,NY,Madison,2900,"38,109"
1618,NY,Sullivan,15149,"38,880"
1619,NY,Niagara,8005,"39,110"
1620,NY,Steuben,1127,"39,559"
1621,NY,Onondaga,22554,"45,252"
1622,NY,Richmond,3246,"48,150"
1623,NY,Seneca,2683,"34,271"
1624,NY,Monroe,19791,"45,897"
1625,NY,Montgomery,24022,"36,597"
1626,NY,Yates,2419,"35,437"
1627,NY,Otsego,3717,"37,645"
1628,NY,Nassau,4783,"75,376"
1629,NY,Orange,50092,"45,306"
1630,NY,Orange,1415,"45,306"
1631,NY,Saratoga,5725,"55,809"
1632,NY,Broome,989,"38,276"
1633,NY,Jefferson,1421,"42,753"
1634,NY,Schoharie,3002,"34,651"
1635,NY,Wayne,988,"39,367"
1636,NY,Delaware,2579,"34,602"
1637,NY,Rockland,3678,"53,434"
1638,NY,Tioga,4690,"41,958"
1639,NY,Ulster,12593,"42,913"
1640,NY,Putnam,576,"57,163"
1641,NY,Ontario,10088,"45,771"
1642,NC,Beaufort,4391,"37,538"
1643,NC,Brunswick,971,"36,576"
1644,NC,Catawba,620,"38,414"
1645,NC,Cleveland,881,"32,809"
1646,NC,Columbus,995,"29,340"
1647,NC,Davidson,12921,"34,484"
1648,NC,Davidson,336,"34,484"
1649,NC,Davidson,12585,"34,484"
1650,NC,Durham,274291,"43,817"
1651,NC,Durham,274251,"43,817"
1652,NC,Durham,32,"43,817"
1653,NC,Durham,8,"43,817"
1654,NC,Franklin,4042,"31,256"
1655,NC,Gaston,1030,"36,378"
1656,NC,Graham,15086,"29,056"
1657,NC,Halifax,207,"31,456"
1658,NC,Henderson,14936,"37,444"
1659,NC,Hertford,2113,"28,555"
1660,NC,Jackson,461,"28,836"
1661,NC,Lenoir,17938,"35,597"
1662,NC,Macon,111,"34,734"
1663,NC,Madison,2118,"29,263"
1664,NC,Rockingham,8776,"33,261"
1665,NC,Washington,9536,"31,729"
1666,NC,Wilson,49329,"36,166"
1667,ND,Adams,120,"49,203"
1668,ND,Adams,43,"49,203"
1669,ND,Bottineau,2205,"57,358"
1670,ND,Bowman,1608,"67,676"
1671,ND,Bowman,263,"67,676"
1672,ND,Cavalier,1264,"59,955"
1673,ND,Cavalier,507,"59,955"
1674,ND,Dickey,39,"55,428"
1675,ND,Golden Valley,168,"53,894"
1676,ND,Golden Valley,24,"53,894"
1677,ND,Grand Forks,56948,"46,131"
1678,ND,Grand Forks,406,"46,131"
1679,ND,Hettinger,1211,"51,356"
1680,ND,Hettinger,188,"51,356"
1681,ND,LaMoure,896,"51,942"
1682,ND,McHenry,54,"49,514"
1683,ND,McHenry,48,"49,514"
1684,ND,Mercer,92,"53,664"
1685,ND,Mercer,40,"53,664"
1686,ND,Pembina,553,"50,471"
1687,ND,Pembina,75,"50,471"
1688,ND,Rolette,599,"32,024"
1689,ND,Steele,710,"59,264"
1690,ND,Towner,535,"43,906"
1691,ND,Nelson,56,"53,320"
1692,ND,Pierce,69,"41,871"
1693,ND,Renville,31,"55,901"
1694,ND,Richland,18,"43,573"
1695,ND,Ward,54,"58,394"
1696,ND,Logan,37,"53,088"
1697,ND,McKenzie,99,"81,696"
1698,ND,Morton,45,"50,815"
1699,ND,Barnes,21,"49,276"
1700,ND,Billings,12,"94,629"
1701,ND,Divide,75,"65,769"
1702,ND,Eddy,38,"49,167"
1703,ND,Williams,15,"102,808"
1704,ND,Williams,43,"102,808"
1705,ND,Sheridan,27,"31,196"
1706,ND,Sioux,155,"26,476"
1707,ND,Burke,41,"87,338"
1708,ND,Mountrail,32,"72,079"
1709,ND,Grant,105,"40,458"
1710,ND,Ransom,52,"43,100"
1711,ND,Sargent,30,"53,801"
1712,ND,Wells,84,"52,036"
1713,ND,Oliver,10,"46,166"
1714,OH,Ashland,20423,"34,388"
1715,OH,Ashtabula,18079,"34,087"
1716,OH,Ashtabula,19831,"34,087"
1717,OH,Ashtabula,14413,"34,087"
1718,OH,Ashtabula,3666,"34,087"
1719,OH,Athens,24688,"30,284"
1720,OH,Athens,31384,"30,284"
1721,OH,Athens,24391,"30,284"
1722,OH,Athens,297,"30,284"
1723,OH,Athens,482,"30,284"
1724,OH,Columbiana,6231,"34,446"
1725,OH,Columbiana,5584,"34,446"
1726,OH,Columbiana,5555,"34,446"
1727,OH,Columbiana,29,"34,446"
1728,OH,Columbiana,647,"34,446"
1729,OH,Columbiana,6,"34,446"
1730,OH,Columbiana,641,"34,446"
1731,OH,Coshocton,11054,"32,279"
1732,OH,Defiance,16663,"37,310"
1733,OH,Defiance,12979,"37,310"
1734,OH,Defiance,11285,"37,310"
1735,OH,Defiance,3830,"37,310"
1736,OH,Defiance,1548,"37,310"
1737,OH,Delaware,39930,"63,042"
1738,OH,Delaware,2070,"63,042"
1739,OH,Delaware,2,"63,042"
1740,OH,Delaware,0,"63,042"
1741,OH,Delaware,2763,"63,042"
1742,OH,Delaware,425,"63,042"
1743,OH,Delaware,39397,"63,042"
1744,OH,Delaware,106,"63,042"
1745,OH,Delaware,1309,"63,042"
1746,OH,Fairfield,42613,"40,094"
1747,OH,Fairfield,42613,"40,094"
1748,OH,Fairfield,22799,"40,094"
1749,OH,Fairfield,9571,"40,094"
1750,OH,Fairfield,0,"40,094"
1751,OH,Fairfield,0,"40,094"
1752,OH,Fairfield,3707,"40,094"
1753,OH,Fairfield,1187,"40,094"
1754,OH,Fairfield,1475,"40,094"
1755,OH,Fairfield,641,"40,094"
1756,OH,Fairfield,1488,"40,094"
1757,OH,Fairfield,1074,"40,094"
1758,OH,Franklin,11686,"45,894"
1759,OH,Franklin,1091,"45,894"
1760,OH,Franklin,1619,"45,894"
1761,OH,Franklin,4374,"45,894"
1762,OH,Franklin,790,"45,894"
1763,OH,Franklin,1213,"45,894"
1764,OH,Franklin,1187,"45,894"
1765,OH,Franklin,10395,"45,894"
1766,OH,Franklin,727,"45,894"
1767,OH,Franklin,578,"45,894"
1768,OH,Franklin,2083,"45,894"
1769,OH,Franklin,2238,"45,894"
1770,OH,Franklin,2269,"45,894"
1771,OH,Franklin,402,"45,894"
1772,OH,Franklin,1623,"45,894"
1773,OH,Franklin,5514,"45,894"
1774,OH,Franklin,1665,"45,894"
1775,OH,Franklin,1690,"45,894"
1776,OH,Franklin,3348,"45,894"
1777,OH,Franklin,4745,"45,894"
1778,OH,Franklin,32061,"45,894"
1779,OH,Franklin,3926,"45,894"
1780,OH,Hamilton,62174,"51,996"
1781,OH,Hamilton,8924,"51,996"
1782,OH,Hamilton,598,"51,996"
1783,OH,Hamilton,1700,"51,996"
1784,OH,Hamilton,26493,"51,996"
1785,OH,Harrison,11608,"34,136"
1786,OH,Harrison,2326,"34,136"
1787,OH,Harrison,904,"34,136"
1788,OH,Harrison,2448,"34,136"
1789,OH,Harrison,1031,"34,136"
1790,OH,Harrison,33,"34,136"
1791,OH,Harrison,15863,"34,136"
1792,OH,Harrison,11575,"34,136"
1793,OH,Harrison,1289,"34,136"
1794,OH,Harrison,830,"34,136"
1795,OH,Harrison,8028,"34,136"
1796,OH,Harrison,2075,"34,136"
1797,OH,Harrison,22390,"34,136"
1798,OH,Harrison,1623,"34,136"
1799,OH,Harrison,1391,"34,136"
1800,OH,Harrison,5141,"34,136"
1801,OH,Harrison,8127,"34,136"
1802,OH,Harrison,4437,"34,136"
1803,OH,Harrison,1305,"34,136"
1804,OH,Harrison,4264,"34,136"
1805,OH,Harrison,1043,"34,136"
1806,OH,Harrison,1046,"34,136"
1807,OH,Huron,6893,"36,022"
1808,OH,Huron,10498,"36,022"
1809,OH,Jackson,6242,"32,512"
1810,OH,Jackson,2928,"32,512"
1811,OH,Jackson,3982,"32,512"
1812,OH,Jackson,3677,"32,512"
1813,OH,Jackson,1546,"32,512"
1814,OH,Jackson,2535,"32,512"
1815,OH,Jackson,3097,"32,512"
1816,OH,Jackson,1974,"32,512"
1817,OH,Jackson,335,"32,512"
1818,OH,Jackson,2762,"32,512"
1819,OH,Jackson,47270,"32,512"
1820,OH,Jackson,5062,"32,512"
1821,OH,Jackson,1080,"32,512"
1822,OH,Jackson,2082,"32,512"
1823,OH,Jackson,1112,"32,512"
1824,OH,Jackson,1286,"32,512"
1825,OH,Jackson,974,"32,512"
1826,OH,Jackson,2029,"32,512"
1827,OH,Jackson,452,"32,512"
1828,OH,Jackson,6322,"32,512"
1829,OH,Jackson,2397,"32,512"
1830,OH,Jackson,515,"32,512"
1831,OH,Jackson,1707,"32,512"
1832,OH,Jackson,2816,"32,512"
1833,OH,Jackson,1171,"32,512"
1834,OH,Jackson,1180,"32,512"
1835,OH,Jackson,1152,"32,512"
1836,OH,Jackson,911,"32,512"
1837,OH,Jackson,3446,"32,512"
1838,OH,Jackson,1552,"32,512"
1839,OH,Jackson,1472,"32,512"
1840,OH,Jackson,2444,"32,512"
1841,OH,Jackson,40349,"32,512"
1842,OH,Jackson,1081,"32,512"
1843,OH,Jackson,455,"32,512"
1844,OH,Jackson,723,"32,512"
1845,OH,Jackson,821,"32,512"
1846,OH,Jackson,536,"32,512"
1847,OH,Logan,7050,"37,574"
1848,OH,Logan,1105,"37,574"
1849,OH,Logan,6431,"37,574"
1850,OH,Logan,619,"37,574"
1851,OH,Lorain,64028,"40,458"
1852,OH,Marion,36087,"32,292"
1853,OH,Marion,6809,"32,292"
1854,OH,Marion,5402,"32,292"
1855,OH,Marion,751,"32,292"
1856,OH,Marion,3003,"32,292"
1857,OH,Marion,2374,"32,292"
1858,OH,Marion,1264,"32,292"
1859,OH,Marion,2402,"32,292"
1860,OH,Marion,43718,"32,292"
1861,OH,Marion,3039,"32,292"
1862,OH,Marion,1270,"32,292"
1863,OH,Marion,655,"32,292"
1864,OH,Marion,1427,"32,292"
1865,OH,Medina,26072,"47,712"
1866,OH,Medina,8,"47,712"
1867,OH,Medina,9002,"47,712"
1868,OH,Medina,25999,"47,712"
1869,OH,Medina,65,"47,712"
1870,OH,Monroe,13887,"29,895"
1871,OH,Monroe,666,"29,895"
1872,OH,Monroe,2128,"29,895"
1873,OH,Monroe,2302,"29,895"
1874,OH,Monroe,13744,"29,895"
1875,OH,Monroe,12892,"29,895"
1876,OH,Monroe,852,"29,895"
1877,OH,Monroe,1936,"29,895"
1878,OH,Monroe,8204,"29,895"
1879,OH,Monroe,525,"29,895"
1880,OH,Monroe,1654,"29,895"
1881,OH,Monroe,731,"29,895"
1882,OH,Monroe,1146,"29,895"
1883,OH,Monroe,1106,"29,895"
1884,OH,Monroe,1633,"29,895"
1885,OH,Monroe,2169,"29,895"
1886,OH,Monroe,7499,"29,895"
1887,OH,Monroe,1716,"29,895"
1888,OH,Monroe,1791,"29,895"
1889,OH,Monroe,16151,"29,895"
1890,OH,Monroe,550,"29,895"
1891,OH,Monroe,1478,"29,895"
1892,OH,Monroe,1293,"29,895"
1893,OH,Monroe,2166,"29,895"
1894,OH,Monroe,2061,"29,895"
1895,OH,Monroe,2642,"29,895"
1896,OH,Monroe,143,"29,895"
1897,OH,Montgomery,10805,"41,017"
1898,OH,Montgomery,2694,"41,017"
1899,OH,Montgomery,2256,"41,017"
1900,OH,Montgomery,4383,"41,017"
1901,OH,Sandusky,24714,"36,561"
1902,OH,Sandusky,436,"36,561"
1903,OH,Sandusky,964,"36,561"
1904,OH,Sandusky,3535,"36,561"
1905,OH,Shelby,9030,"40,925"
1906,OH,Shelby,6,"40,925"
1907,OH,Shelby,1052,"40,925"
1908,OH,Shelby,9,"40,925"
1909,OH,Shelby,7963,"40,925"
1910,OH,Union,6783,"44,855"
1911,OH,Union,1904,"44,855"
1912,OH,Union,2197,"44,855"
1913,OH,Union,2989,"44,855"
1914,OH,Union,915,"44,855"
1915,OH,Union,2152,"44,855"
1916,OH,Union,48258,"44,855"
1917,OH,Union,3113,"44,855"
1918,OH,Union,3616,"44,855"
1919,OH,Union,1762,"44,855"
1920,OH,Union,2048,"44,855"
1921,OH,Union,2577,"44,855"
1922,OH,Union,8688,"44,855"
1923,OH,Union,9240,"44,855"
1924,OH,Union,805,"44,855"
1925,OH,Union,5875,"44,855"
1926,OH,Union,1399,"44,855"
1927,OH,Union,26,"44,855"
1928,OH,Union,10220,"44,855"
1929,OH,Union,26,"44,855"
1930,OH,Union,6757,"44,855"
1931,OH,Union,44,"44,855"
1932,OH,Union,6713,"44,855"
1933,OH,Union,602,"44,855"
1934,OH,Union,4136,"44,855"
1935,OH,Union,1284,"44,855"
1936,OH,Union,3078,"44,855"
1937,OH,Union,12635,"44,855"
1938,OH,Union,2109,"44,855"
1939,OH,Union,1486,"44,855"
1940,OH,Union,1960,"44,855"
1941,OH,Union,919,"44,855"
1942,OH,Union,5276,"44,855"
1943,OH,Van Wert,10680,"37,490"
1944,OH,Van Wert,8802,"37,490"
1945,OH,Van Wert,1878,"37,490"
1946,OH,Warren,38382,"50,919"
1947,OH,Warren,5768,"50,919"
1948,OH,Warren,3966,"50,919"
1949,OH,Warren,5202,"50,919"
1950,OH,Warren,1162,"50,919"
1951,OH,Warren,3942,"50,919"
1952,OH,Jefferson,1011,"34,487"
1953,OH,Jefferson,5041,"34,487"
1954,OH,Jefferson,1381,"34,487"
1955,OH,Jefferson,1402,"34,487"
1956,OH,Jefferson,1487,"34,487"
1957,OH,Jefferson,1498,"34,487"
1958,OH,Jefferson,2580,"34,487"
1959,OH,Jefferson,11387,"34,487"
1960,OH,Jefferson,1295,"34,487"
1961,OH,Jefferson,76,"34,487"
1962,OH,Jefferson,3510,"34,487"
1963,OH,Jefferson,645,"34,487"
1964,OH,Jefferson,2885,"34,487"
1965,OH,Jefferson,7424,"34,487"
1966,OH,Jefferson,13008,"34,487"
1967,OH,Jefferson,6476,"34,487"
1968,OH,Jefferson,1974,"34,487"
1969,OH,Jefferson,271,"34,487"
1970,OH,Jefferson,3204,"34,487"
1971,OH,Jefferson,4761,"34,487"
1972,OH,Jefferson,985,"34,487"
1973,OH,Jefferson,2609,"34,487"
1974,OH,Jefferson,953,"34,487"
1975,OH,Jefferson,1871,"34,487"
1976,OH,Meigs,3780,"30,516"
1977,OH,Meigs,181,"30,516"
1978,OH,Wayne,1296,"38,859"
1979,OH,Wayne,608,"38,859"
1980,OH,Wayne,1650,"38,859"
1981,OH,Wayne,677,"38,859"
1982,OH,Wayne,4692,"38,859"
1983,OH,Wayne,1756,"38,859"
1984,OH,Wayne,5110,"38,859"
1985,OH,Wayne,721,"38,859"
1986,OH,Wayne,768,"38,859"
1987,OH,Wayne,4302,"38,859"
1988,OH,Wayne,1354,"38,859"
1989,OH,Wayne,2094,"38,859"
1990,OH,Wayne,924,"38,859"
1991,OH,Wayne,11,"38,859"
1992,OH,Wayne,342,"38,859"
1993,OH,Wayne,0,"38,859"
1994,OH,Wayne,4765,"38,859"
1995,OH,Wayne,476,"38,859"
1996,OH,Wayne,541,"38,859"
1997,OH,Wayne,2150,"38,859"
1998,OH,Wayne,9174,"38,859"
1999,OH,Wayne,4160,"38,859"
2000,OH,Auglaize,2657,"42,446"
2001,OH,Auglaize,1392,"42,446"
2002,OH,Perry,3407,"32,356"
2003,OH,Perry,1978,"32,356"
2004,OH,Perry,4624,"32,356"
2005,OH,Perry,930,"32,356"
2006,OH,Perry,16037,"32,356"
2007,OH,Perry,710,"32,356"
2008,OH,Perry,1029,"32,356"
2009,OH,Perry,3767,"32,356"
2010,OH,Perry,1541,"32,356"
2011,OH,Perry,2501,"32,356"
2012,OH,Perry,8970,"32,356"
2013,OH,Perry,6696,"32,356"
2014,OH,Perry,1694,"32,356"
2015,OH,Perry,976,"32,356"
2016,OH,Perry,4,"32,356"
2017,OH,Perry,425,"32,356"
2018,OH,Perry,5990,"32,356"
2019,OH,Perry,1944,"32,356"
2020,OH,Perry,2680,"32,356"
2021,OH,Perry,1393,"32,356"
2022,OH,Perry,1008,"32,356"
2023,OH,Perry,1129,"32,356"
2024,OH,Perry,1427,"32,356"
2025,OH,Perry,1077,"32,356"
2026,OH,Perry,28186,"32,356"
2027,OH,Perry,432,"32,356"
2028,OH,Perry,1660,"32,356"
2029,OH,Richland,6123,"35,138"
2030,OH,Richland,14502,"35,138"
2031,OH,Richland,3557,"35,138"
2032,OH,Richland,806,"35,138"
2033,OH,Richland,2743,"35,138"
2034,OH,Richland,2292,"35,138"
2035,OH,Richland,2026,"35,138"
2036,OH,Richland,1342,"35,138"
2037,OH,Richland,2466,"35,138"
2038,OH,Richland,1636,"35,138"
2039,OH,Richland,1713,"35,138"
2040,OH,Richland,833,"35,138"
2041,OH,Lake,725,"44,891"
2042,OH,Lake,12321,"44,891"
2043,OH,Lake,30016,"44,891"
2044,OH,Lake,11404,"44,891"
2045,OH,Morgan,2097,"29,734"
2046,OH,Morgan,5839,"29,734"
2047,OH,Morgan,1362,"29,734"
2048,OH,Morgan,1129,"29,734"
2049,OH,Morgan,2520,"29,734"
2050,OH,Morgan,2377,"29,734"
2051,OH,Trumbull,1353,"35,997"
2052,OH,Noble,1704,"24,020"
2053,OH,Noble,6221,"24,020"
2054,OH,Noble,2063,"24,020"
2055,OH,Washington,1858,"37,943"
2056,OH,Washington,495,"37,943"
2057,OH,Washington,2287,"37,943"
2058,OH,Washington,1167,"37,943"
2059,OH,Washington,2374,"37,943"
2060,OH,Washington,2156,"37,943"
2061,OH,Washington,2144,"37,943"
2062,OH,Washington,757,"37,943"
2063,OH,Washington,1273,"37,943"
2064,OH,Washington,1563,"37,943"
2065,OH,Washington,4682,"37,943"
2066,OH,Washington,42942,"37,943"
2067,OH,Washington,441,"37,943"
2068,OH,Washington,4420,"37,943"
2069,OH,Washington,711,"37,943"
2070,OH,Washington,613,"37,943"
2071,OH,Washington,1888,"37,943"
2072,OH,Washington,1106,"37,943"
2073,OH,Washington,1271,"37,943"
2074,OH,Washington,1690,"37,943"
2075,OH,Washington,228,"37,943"
2076,OH,Washington,3251,"37,943"
2077,OH,Washington,3576,"37,943"
2078,OH,Washington,3304,"37,943"
2079,OH,Washington,1221,"37,943"
2080,OH,Washington,1636,"37,943"
2081,OH,Washington,482,"37,943"
2082,OH,Washington,56516,"37,943"
2083,OH,Washington,1298,"37,943"
2084,OH,Washington,4297,"37,943"
2085,OH,Washington,698,"37,943"
2086,OH,Washington,3082,"37,943"
2087,OH,Washington,1767,"37,943"
2088,OH,Washington,6185,"37,943"
2089,OH,Washington,2221,"37,943"
2090,OH,Washington,5183,"37,943"
2091,OH,Washington,1997,"37,943"
2092,OH,Washington,4593,"37,943"
2093,OH,Washington,812,"37,943"
2094,OH,Washington,2620,"37,943"
2095,OH,Washington,921,"37,943"
2096,OH,Washington,5013,"37,943"
2097,OH,Washington,3042,"37,943"
2098,OH,Washington,1911,"37,943"
2099,OH,Clark,3030,"36,077"
2100,OH,Clark,2133,"36,077"
2101,OH,Clark,584,"36,077"
2102,OH,Clark,4199,"36,077"
2103,OH,Pike,4115,"32,934"
2104,OH,Pike,3636,"32,934"
2105,OH,Pike,637,"32,934"
2106,OH,Pike,1821,"32,934"
2107,OH,Pike,1561,"32,934"
2108,OH,Pike,584,"32,934"
2109,OH,Pike,6825,"32,934"
2110,OH,Pike,3943,"32,934"
2111,OH,Madison,8934,"36,398"
2112,OH,Madison,2448,"36,398"
2113,OH,Madison,3038,"36,398"
2114,OH,Madison,1698,"36,398"
2115,OH,Madison,1099,"36,398"
2116,OH,Madison,26165,"36,398"
2117,OH,Madison,893,"36,398"
2118,OH,Madison,835,"36,398"
2119,OH,Madison,6621,"36,398"
2120,OH,Madison,2127,"36,398"
2121,OH,Madison,18826,"36,398"
2122,OH,Madison,3392,"36,398"
2123,OH,Madison,428,"36,398"
2124,OH,Madison,1360,"36,398"
2125,OH,Madison,1424,"36,398"
2126,OH,Madison,10809,"36,398"
2127,OH,Madison,3723,"36,398"
2128,OH,Madison,3845,"36,398"
2129,OH,Madison,592,"36,398"
2130,OH,Madison,965,"36,398"
2131,OH,Ross,8885,"32,677"
2132,OH,Ross,784,"32,677"
2133,OH,Ross,684,"32,677"
2134,OH,Brown,7482,"31,949"
2135,OH,Brown,1988,"31,949"
2136,OH,Brown,1683,"31,949"
2137,OH,Brown,2375,"31,949"
2138,OH,Brown,2086,"31,949"
2139,OH,Brown,1649,"31,949"
2140,OH,Brown,2033,"31,949"
2141,OH,Brown,289,"31,949"
2142,OH,Adams,1073,"30,254"
2143,OH,Adams,2109,"30,254"
2144,OH,Adams,783,"30,254"
2145,OH,Adams,3498,"30,254"
2146,OH,Adams,922,"30,254"
2147,OH,Adams,2000,"30,254"
2148,OH,Adams,590,"30,254"
2149,OH,Adams,549,"30,254"
2150,OH,Adams,1290,"30,254"
2151,OH,Adams,1570,"30,254"
2152,OH,Miami,42554,"41,460"
2153,OH,Miami,5034,"41,460"
2154,OH,Miami,16079,"41,460"
2155,OH,Miami,2317,"41,460"
2156,OH,Miami,50672,"41,460"
2157,OH,Butler,3448,"40,702"
2158,OH,Butler,1477,"40,702"
2159,OH,Butler,1153,"40,702"
2160,OH,Butler,6509,"40,702"
2161,OH,Butler,7863,"40,702"
2162,OH,Butler,1184,"40,702"
2163,OH,Knox,4201,"38,388"
2164,OH,Knox,551,"38,388"
2165,OH,Knox,1161,"38,388"
2166,OH,Knox,4387,"38,388"
2167,OH,Knox,543,"38,388"
2168,OH,Crawford,1853,"34,696"
2169,OH,Crawford,4638,"34,696"
2170,OH,Tuscarawas,1849,"38,918"
2171,OH,Tuscarawas,5868,"38,918"
2172,OH,Holmes,1262,"36,069"
2173,OH,Allen,1085,"36,813"
2174,OH,Allen,2667,"36,813"
2175,OH,Allen,3746,"36,813"
2176,OH,Allen,2539,"36,813"
2177,OH,Highland,2286,"31,379"
2178,OH,Highland,832,"31,379"
2179,OH,Scioto,3543,"33,430"
2180,OH,Scioto,1879,"33,430"
2181,OH,Scioto,10385,"33,430"
2182,OH,Scioto,1251,"33,430"
2183,OH,Scioto,27472,"33,430"
2184,OH,Hocking,4833,"32,511"
2185,OH,Clinton,4102,"38,592"
2186,OH,Clinton,9567,"38,592"
2187,OH,Clinton,2767,"38,592"
2188,OH,Clinton,4042,"38,592"
2189,OH,Clinton,20523,"38,592"
2190,OH,Clinton,2009,"38,592"
2191,OH,Clinton,3104,"38,592"
2192,OH,Fulton,3210,"39,673"
2193,OH,Portage,710,"39,111"
2194,OH,Portage,1268,"39,111"
2195,OH,Portage,1686,"39,111"
2196,OH,Fayette,8859,"33,952"
2197,OH,Lawrence,2473,"33,507"
2198,OH,Lawrence,13708,"33,507"
2199,OH,Lawrence,5768,"33,507"
2200,OH,Lawrence,872,"33,507"
2201,OH,Licking,4899,"40,333"
2202,OH,Licking,2325,"40,333"
2203,OH,Seneca,447,"34,204"
2204,OH,Seneca,470,"34,204"
2205,OH,Seneca,1557,"34,204"
2206,OH,Summit,610,"45,112"
2207,OH,Muskingum,4538,"36,560"
2208,OH,Muskingum,4331,"36,560"
2209,OH,Carroll,2100,"35,185"
2210,OH,Erie,1202,"57,133"
2211,OH,Paulding,3839,"36,922"
2212,OH,Pickaway,2112,"36,123"
2213,OH,Ottawa,7764,"44,317"
2214,OH,Greene,965,"43,515"
2215,OH,Vinton,538,"29,491"
2216,OH,Henry,4321,"39,851"
2217,OK,Adair,818,"26,217"
2218,OK,Atoka,3131,"29,639"
2219,OK,Beaver,1404,"54,140"
2220,OK,Caddo,1082,"33,574"
2221,OK,Canadian,205,"43,656"
2222,OK,Carter,239,"42,438"
2223,OK,Cherokee,1507,"29,129"
2224,OK,Choctaw,12624,"30,261"
2225,OK,Cleveland,3148,"42,448"
2226,OK,Comanche,1567,"37,682"
2227,OK,Delaware,404,"29,398"
2228,OK,Dewey,3406,"44,761"
2229,OK,Garvin,254,"38,125"
2230,OK,Haskell,1923,"34,161"
2231,OK,Jefferson,8,"35,341"
2232,OK,Kingfisher,4924,"46,789"
2233,OK,Kiowa,675,"36,218"
2234,OK,Le Flore,176,"31,273"
2235,OK,McCurtain,504,"30,316"
2236,OK,Marshall,299,"31,123"
2237,OK,Muskogee,37402,"33,556"
2238,OK,Noble,6874,"42,917"
2239,OK,Nowata,3612,"34,347"
2240,OK,Okmulgee,11795,"31,883"
2241,OK,Okmulgee,4,"31,883"
2242,OK,Okmulgee,11791,"31,883"
2243,OK,Osage,155,"34,574"
2244,OK,Pawnee,2117,"34,000"
2245,OK,Pittsburg,196,"34,939"
2246,OK,Seminole,7172,"34,254"
2247,OK,Tulsa,400669,"71,431"
2248,OK,Tulsa,5933,"71,431"
2249,OK,Tulsa,17,"71,431"
2250,OK,Tulsa,394574,"71,431"
2251,OK,Tulsa,145,"71,431"
2252,OK,Wagoner,9061,"36,245"
2253,OK,Washington,659,"56,275"
2254,OK,Woodward,12162,"51,653"
2255,OR,Hood River,7806,"44,061"
2256,OR,Jefferson,3366,"29,736"
2257,OR,Tillamook,5311,"37,857"
2258,OR,Umatilla,7171,"33,773"
2259,OR,Union,2212,"35,343"
2260,OR,Wallowa,817,"40,506"
2261,OR,Wasco,393,"38,229"
2262,OR,Wheeler,437,"33,404"
2263,OR,Yamhill,1172,"37,891"
2264,PA,Adams,1847,"43,154"
2265,PA,Adams,17,"43,154"
2266,PA,Adams,17,"43,154"
2267,PA,Adams,14015,"43,154"
2268,PA,Adams,5579,"43,154"
2269,PA,Adams,1830,"43,154"
2270,PA,Adams,1830,"43,154"
2271,PA,Adams,915,"43,154"
2272,PA,Beaver,970,"41,977"
2273,PA,Beaver,1684,"41,977"
2274,PA,Beaver,910,"41,977"
2275,PA,Beaver,863,"41,977"
2276,PA,Beaver,480,"41,977"
2277,PA,Beaver,533,"41,977"
2278,PA,Bradford,8280,"37,530"
2279,PA,Bradford,2945,"37,530"
2280,PA,Bradford,4618,"37,530"
2281,PA,Butler,12993,"50,199"
2282,PA,Butler,2605,"50,199"
2283,PA,Butler,16535,"50,199"
2284,PA,Butler,9812,"50,199"
2285,PA,Butler,4944,"50,199"
2286,PA,Chester,33909,"72,118"
2287,PA,Chester,4075,"72,118"
2288,PA,Erie,96471,"39,260"
2289,PA,Franklin,6078,"40,966"
2290,PA,Franklin,464,"40,966"
2291,PA,Franklin,4940,"40,966"
2292,PA,Franklin,3879,"40,966"
2293,PA,Franklin,702,"40,966"
2294,PA,Franklin,2757,"40,966"
2295,PA,Franklin,4168,"40,966"
2296,PA,Franklin,4535,"40,966"
2297,PA,Franklin,584,"40,966"
2298,PA,Franklin,1622,"40,966"
2299,PA,Franklin,2403,"40,966"
2300,PA,Franklin,6819,"40,966"
2301,PA,Franklin,469,"40,966"
2302,PA,Franklin,1760,"40,966"
2303,PA,Franklin,928,"40,966"
2304,PA,Franklin,2243,"40,966"
2305,PA,Franklin,871,"40,966"
2306,PA,Franklin,4908,"40,966"
2307,PA,Lancaster,59420,"44,259"
2308,PA,Lancaster,2666,"44,259"
2309,PA,Lancaster,17062,"44,259"
2310,PA,Lebanon,25902,"41,174"
2311,PA,Lebanon,667,"41,174"
2312,PA,Mifflin,912,"34,289"
2313,PA,Mifflin,2292,"34,289"
2314,PA,Mifflin,822,"34,289"
2315,PA,Mifflin,1038,"34,289"
2316,PA,Philadelphia,1584138,"49,341"
2317,PA,Snyder,320,"37,269"
2318,PA,Snyder,3234,"37,269"
2319,PA,Snyder,2416,"37,269"
2320,PA,Union,9835,"35,578"
2321,PA,Union,3198,"35,578"
2322,PA,Union,3690,"35,578"
2323,PA,Union,1416,"35,578"
2324,PA,Union,883,"35,578"
2325,PA,Union,969,"35,578"
2326,PA,Union,1604,"35,578"
2327,PA,Union,731,"35,578"
2328,PA,Union,1016,"35,578"
2329,PA,Union,823,"35,578"
2330,PA,Union,4898,"35,578"
2331,PA,Union,3186,"35,578"
2332,PA,Union,2012,"35,578"
2333,PA,Union,3521,"35,578"
2334,PA,Union,1218,"35,578"
2335,PA,Union,1542,"35,578"
2336,PA,Union,994,"35,578"
2337,PA,Union,1619,"35,578"
2338,PA,Union,5692,"35,578"
2339,PA,Warren,9124,"41,523"
2340,PA,Warren,923,"41,523"
2341,PA,Warren,370,"41,523"
2342,PA,Washington,13508,"50,489"
2343,PA,Washington,927,"50,489"
2344,PA,Washington,4315,"50,489"
2345,PA,Washington,1236,"50,489"
2346,PA,Washington,844,"50,489"
2347,PA,Washington,1802,"50,489"
2348,PA,Washington,2284,"50,489"
2349,PA,Washington,4456,"50,489"
2350,PA,Washington,3648,"50,489"
2351,PA,Washington,14690,"50,489"
2352,PA,Washington,1014,"50,489"
2353,PA,Washington,1698,"50,489"
2354,PA,Washington,1857,"50,489"
2355,PA,Washington,772,"50,489"
2356,PA,Washington,6782,"50,489"
2357,PA,Washington,1654,"50,489"
2358,PA,Washington,5247,"50,489"
2359,PA,Washington,734,"50,489"
2360,PA,Washington,2891,"50,489"
2361,PA,Washington,1686,"50,489"
2362,PA,Washington,7100,"50,489"
2363,PA,Washington,1312,"50,489"
2364,PA,Washington,2712,"50,489"
2365,PA,York,44118,"42,911"
2366,PA,York,28704,"42,911"
2367,PA,Cumberland,6256,"48,865"
2368,PA,Cumberland,6227,"48,865"
2369,PA,Indiana,7168,"35,033"
2370,PA,Perry,331,"38,499"
2371,PA,Perry,2472,"38,499"
2372,PA,Perry,898,"38,499"
2373,PA,Perry,2442,"38,499"
2374,PA,Perry,1419,"38,499"
2375,PA,Perry,1186,"38,499"
2376,PA,Perry,1852,"38,499"
2377,PA,Perry,1367,"38,499"
2378,PA,Perry,2215,"38,499"
2379,PA,Wayne,1123,"36,740"
2380,PA,Wayne,1699,"36,740"
2381,PA,Wayne,1478,"36,740"
2382,PA,Wayne,1386,"36,740"
2383,PA,Wayne,1584,"36,740"
2384,PA,Wayne,1184,"36,740"
2385,PA,Wayne,2474,"36,740"
2386,PA,Wayne,2522,"36,740"
2387,PA,Wayne,5037,"36,740"
2388,PA,Greene,2369,"41,836"
2389,PA,Greene,1763,"41,836"
2390,PA,Greene,4539,"41,836"
2391,PA,Greene,17790,"41,836"
2392,PA,Greene,413,"41,836"
2393,PA,Greene,1054,"41,836"
2394,PA,Greene,3849,"41,836"
2395,PA,Potter,568,"35,073"
2396,PA,Potter,3612,"35,073"
2397,PA,Bedford,5172,"36,009"
2398,PA,Juniata,941,"36,266"
2399,PA,Juniata,1085,"36,266"
2400,PA,Juniata,537,"36,266"
2401,PA,Juniata,1422,"36,266"
2402,PA,Monroe,1308,"36,665"
2403,PA,Monroe,1202,"36,665"
2404,PA,Monroe,1580,"36,665"
2405,PA,Monroe,6182,"36,665"
2406,PA,Monroe,2214,"36,665"
2407,PA,Monroe,4169,"36,665"
2408,PA,Monroe,1588,"36,665"
2409,PA,Centre,4255,"41,373"
2410,PA,Centre,2496,"41,373"
2411,PA,Jefferson,2050,"38,678"
2412,PA,Jefferson,5285,"38,678"
2413,PA,Jefferson,378,"38,678"
2414,PA,Jefferson,1924,"38,678"
2415,PA,Jefferson,2219,"38,678"
2416,PA,Jefferson,3688,"38,678"
2417,PA,Jefferson,1821,"38,678"
2418,PA,Jefferson,1346,"38,678"
2419,PA,Jefferson,1136,"38,678"
2420,PA,Pike,1758,"39,512"
2421,PA,Pike,666,"39,512"
2422,PA,Pike,2274,"39,512"
2423,PA,Pike,314,"39,512"
2424,PA,Allegheny,6536,"52,606"
2425,PA,Allegheny,624,"52,606"
2426,PA,Allegheny,2288,"52,606"
2427,PA,Allegheny,674,"52,606"
2428,PA,Allegheny,262,"52,606"
2429,PA,Allegheny,8068,"52,606"
2430,PA,Blair,4502,"39,921"
2431,PA,Columbia,1164,"36,304"
2432,PA,Northampton,39231,"46,336"
2433,PA,Northampton,326,"46,336"
2434,PA,Clearfield,2561,"38,657"
2435,PA,Clearfield,1513,"38,657"
2436,PA,Clinton,2795,"35,673"
2437,PA,Clinton,3615,"35,673"
2438,PA,Clinton,792,"35,673"
2439,PA,Clinton,2052,"35,673"
2440,PA,Clinton,1252,"35,673"
2441,PA,Mercer,1068,"36,836"
2442,PA,Venango,831,"37,164"
2443,PA,Venango,975,"37,164"
2444,PA,Venango,2267,"37,164"
2445,PA,Cambria,5738,"37,901"
2446,PA,Susquehanna,1859,"38,806"
2447,PA,Susquehanna,25107,"38,806"
2448,PA,Susquehanna,1256,"38,806"
2449,PA,Susquehanna,962,"38,806"
2450,PA,Lehigh,486,"46,517"
2451,PA,Lehigh,10492,"46,517"
2452,PA,Lehigh,1795,"46,517"
2453,PA,Elk,1703,"42,356"
2454,PA,Elk,1408,"42,356"
2455,PA,Elk,47,"42,356"
2456,PA,Elk,493,"42,356"
2457,PA,Schuylkill,8641,"36,707"
2458,PA,Schuylkill,1069,"36,707"
2459,PA,Clarion,3909,"37,115"
2460,PA,Lawrence,7561,"38,684"
2461,PA,Lawrence,1652,"38,684"
2462,PA,Crawford,929,"36,513"
2463,PA,Montour,1295,"49,530"
2464,PA,McKean,4347,"41,117"
2465,PA,Luzerne,5903,"39,311"
2466,PA,Montgomery,6222,"69,983"
2467,PA,Montgomery,1477,"69,983"
2468,PA,Montgomery,26149,"69,983"
2469,PA,Carbon,370,"42,613"
2470,PA,Armstrong,2854,"40,751"
2471,PA,Armstrong,726,"40,751"
2472,PA,Delaware,1552,"55,959"
2473,PA,Delaware,2180,"55,959"
2474,PA,Delaware,4343,"55,959"
2475,PA,Delaware,7099,"55,959"
2476,PA,Fayette,3587,"37,370"
2477,PA,Fulton,3181,"37,895"
2478,PA,Lycoming,1462,"39,745"
2479,PA,Somerset,12184,"36,771"
2480,PA,Somerset,2645,"36,771"
2481,PA,Sullivan,1455,"41,880"
2482,PA,Tioga,954,"36,578"
2483,RI,Newport,24590,"58,825"
2484,RI,Providence,179335,"42,740"
2485,RI,Bristol,22131,"66,397"
2486,SC,Abbeville,5043,"29,583"
2487,SC,Aiken,30778,"36,900"
2488,SC,Allendale,2979,"26,617"
2489,SC,Anderson,27380,"34,814"
2490,SC,Bamberg,3237,"30,041"
2491,SC,Barnwell,4367,"29,978"
2492,SC,Beaufort,13357,"48,552"
2493,SC,Charleston,136208,"50,970"
2494,SC,Charleston,9419,"50,970"
2495,SC,Charleston,126789,"50,970"
2496,SC,Chester,5393,"29,578"
2497,SC,Chesterfield,1420,"26,476"
2498,SC,Darlington,5928,"32,571"
2499,SC,Dillon,6367,"24,259"
2500,SC,Edgefield,4769,"30,301"
2501,SC,Florence,37625,"36,050"
2502,SC,George,8779,"39,576"
2503,SC,George,62249,"39,576"
2504,SC,Greenville,68563,"42,283"
2505,SC,Greenwood,23407,"33,035"
2506,SC,Hampton,2531,"27,252"
2507,SC,Kershaw,2249,"35,877"
2508,SC,Lancaster,9175,"37,351"
2509,SC,Laurens,8846,"30,681"
2510,SC,Lexington,21737,"40,433"
2511,SC,McCormick,2346,"30,467"
2512,SC,Marion,6427,"27,284"
2513,SC,Newberry,10337,"33,748"
2514,SC,Orangeburg,12903,"29,671"
2515,SC,Pickens,3164,"33,246"
2516,SC,Saluda,3632,"30,675"
2517,SC,Spartanburg,37644,"38,173"
2518,SC,Sumter,39656,"34,425"
2519,SC,Union,7764,"29,080"
2520,SC,York,8235,"39,488"
2521,SD,Aurora,789,"46,881"
2522,SD,Aurora,104,"46,881"
2523,SD,Aurora,314,"46,881"
2524,SD,Brookings,24509,"42,256"
2525,SD,Brookings,449,"42,256"
2526,SD,Buffalo,352,"22,380"
2527,SD,Buffalo,37,"22,380"
2528,SD,Buffalo,132,"22,380"
2529,SD,Buffalo,216,"22,380"
2530,SD,Buffalo,58,"22,380"
2531,SD,Clark,1065,"51,723"
2532,SD,Clark,115,"51,723"
2533,SD,Clark,27,"51,723"
2534,SD,Clark,10,"51,723"
2535,SD,Custer,1935,"42,449"
2536,SD,Custer,436,"42,449"
2537,SD,Custer,34,"42,449"
2538,SD,Gregory,1249,"41,688"
2539,SD,Mellette,217,"28,391"
2540,SD,Mellette,134,"28,391"
2541,SD,Tripp,632,"47,143"
2542,SD,Yankton,14700,"43,366"
2543,SD,Lake,50,"52,731"
2544,SD,Lake,84,"52,731"
2545,SD,Lake,663,"52,731"
2546,SD,Lake,199,"52,731"
2547,SD,Lake,264,"52,731"
2548,SD,Lake,107,"52,731"
2549,SD,Grant,125,"56,042"
2550,SD,Grant,428,"56,042"
2551,SD,Grant,135,"56,042"
2552,SD,Grant,208,"56,042"
2553,SD,Lincoln,1331,"59,375"
2554,SD,Lincoln,100,"59,375"
2555,SD,Lincoln,84,"59,375"
2556,SD,Lincoln,224,"59,375"
2557,SD,Lincoln,160,"59,375"
2558,SD,Lincoln,244,"59,375"
2559,SD,Lincoln,29,"59,375"
2560,SD,Brule,133,"45,980"
2561,SD,Brule,279,"45,980"
2562,SD,Union,55,"85,959"
2563,SD,Union,29,"85,959"
2564,SD,Union,81,"85,959"
2565,SD,Union,48,"85,959"
2566,SD,Union,56,"85,959"
2567,SD,Union,130,"85,959"
2568,SD,Union,18,"85,959"
2569,SD,Union,186,"85,959"
2570,SD,Union,65,"85,959"
2571,SD,Union,53,"85,959"
2572,SD,Jackson,160,"25,520"
2573,SD,Jackson,80,"25,520"
2574,SD,Lawrence,562,"44,036"
2575,SD,Lawrence,273,"44,036"
2576,SD,Day,92,"43,932"
2577,SD,Jones,65,"55,988"
2578,SD,Hamlin,247,"37,292"
2579,SD,Campbell,17,"48,335"
2580,SD,Hanson,277,"64,369"
2581,SD,Butte,2,"34,482"
2582,SD,Miner,33,"39,964"
2583,SD,Sully,22,"79,150"
2584,SD,Turner,182,"56,665"
2585,SD,Spink,252,"54,583"
2586,TN,Benton,1271,"29,948"
2587,TN,Decatur,1647,"39,001"
2588,TN,Dickson,15583,"34,521"
2589,TN,Dyer,2216,"36,791"
2590,TN,Franklin,80914,"34,251"
2591,TN,Gibson,396,"35,101"
2592,TN,Henderson,6315,"32,020"
2593,TN,Henry,465,"37,799"
2594,TN,Jackson,66903,"27,859"
2595,TN,Loudon,5809,"41,723"
2596,TN,Obion,1051,"36,817"
2597,TN,Rutherford,1075,"36,450"
2598,TN,Unicoi,3577,"33,592"
2599,TX,Anderson,234,"30,978"
2600,TX,Andrews,13762,"53,851"
2601,TX,Austin,964254,"49,031"
2602,TX,Austin,0,"49,031"
2603,TX,Austin,910768,"49,031"
2604,TX,Austin,53486,"49,031"
2605,TX,Bailey,301,"43,111"
2606,TX,Bandera,901,"41,112"
2607,TX,Bastrop,9420,"31,882"
2608,TX,Blanco,2012,"46,215"
2609,TX,Bowie,5059,"35,508"
2610,TX,Brazoria,3112,"44,371"
2611,TX,Burleson,47282,"40,362"
2612,TX,Burleson,37357,"40,362"
2613,TX,Burleson,9925,"40,362"
2614,TX,Burnet,6397,"42,809"
2615,TX,Caldwell,4397,"30,028"
2616,TX,Cameron,5529,"25,830"
2617,TX,Childress,6045,"25,793"
2618,TX,Coleman,4379,"39,495"
2619,TX,Comanche,4170,"38,180"
2620,TX,Crane,3680,"48,502"
2621,TX,Crockett,6532,"38,419"
2622,TX,Dallas,1345047,"51,830"
2623,TX,Dallas,52684,"51,830"
2624,TX,Dallas,1261755,"51,830"
2625,TX,Dallas,30608,"51,830"
2626,TX,Dallas,0,"51,830"
2627,TX,Dawson,797,"31,777"
2628,TX,Denton,138541,"48,827"
2629,TX,Dickens,264,"29,274"
2630,TX,Eastland,3919,"49,212"
2631,TX,Ector,726,"47,802"
2632,TX,El Paso,682669,"31,731"
2633,TX,Franklin,1623,"34,871"
2634,TX,Galveston,50457,"48,054"
2635,TX,Goliad,1976,"44,484"
2636,TX,Gonzales,7606,"42,371"
2637,TX,Hamilton,3016,"52,377"
2638,TX,Hardin,913,"41,209"
2639,TX,Haskell,3242,"34,551"
2640,TX,Hays,261,"37,440"
2641,TX,Hemphill,1239,"95,018"
2642,TX,Henderson,13280,"36,123"
2643,TX,Hidalgo,14083,"24,244"
2644,TX,Houston,2325502,"33,759"
2645,TX,Houston,41806,"33,759"
2646,TX,Houston,2278069,"33,759"
2647,TX,Houston,5627,"33,759"
2648,TX,Jasper,7644,"36,848"
2649,TX,Jefferson,1961,"40,555"
2650,TX,Jones,2083,"29,005"
2651,TX,Kaufman,7467,"37,453"
2652,TX,Kenedy,3448,"55,325"
2653,TX,Lampasas,7909,"46,015"
2654,TX,Liberty,9349,"34,237"
2655,TX,Live Oak,15908,"40,604"
2656,TX,Llano,3537,"43,872"
2657,TX,Lubbock,255885,"38,807"
2658,TX,Marion,1187,"35,642"
2659,TX,Mason,2264,"43,435"
2660,TX,Menard,1398,"34,927"
2661,TX,Midland,142344,"119,448"
2662,TX,Midland,0,"119,448"
2663,TX,Midland,142344,"119,448"
2664,TX,Montgomery,1034,"64,325"
2665,TX,Nacogdoches,33542,"34,203"
2666,TX,Navarro,210,"34,722"
2667,TX,Newton,2359,"28,988"
2668,TX,Orange,18484,"40,402"
2669,TX,Parker,4802,"48,793"
2670,TX,Pecos,10254,"33,746"
2671,TX,Presidio,3991,"37,989"
2672,TX,Refugio,2771,"45,700"
2673,TX,Rockwall,45112,"52,337"
2674,TX,Rusk,5580,"36,158"
2675,TX,San Augustine,1877,"33,653"
2676,TX,San Patricio,382,"42,008"
2677,TX,San Saba,3158,"30,997"
2678,TX,Scurry,761,"49,252"
2679,TX,Sherman,42462,"62,704"
2680,TX,Taylor,17167,"44,198"
2681,TX,Terrell,18126,"48,732"
2682,TX,Throckmorton,772,"48,822"
2683,TX,Trinity,2771,"32,491"
2684,TX,Tyler,105729,"29,980"
2685,TX,Uvalde,16181,"38,661"
2686,TX,Victoria,67015,"45,847"
2687,TX,Waller,3434,"37,688"
2688,TX,Waller,600,"37,688"
2689,TX,Waller,2834,"37,688"
2690,TX,Wharton,8654,"40,827"
2691,TX,Wheeler,1507,"47,936"
2692,TX,Wilson,484,"41,750"
2693,TX,Yoakum,5944,"45,913"
2694,TX,Yoakum,2101,"45,913"
2695,TX,Yoakum,3843,"45,913"
2696,UT,Beaver,3104,"33,748"
2697,UT,Duchesne,1770,"40,706"
2698,UT,Emery,268,"29,448"
2699,UT,Morgan,4260,"43,876"
2700,UT,Tooele,35251,"31,564"
2701,UT,Uintah,1342,"34,107"
2702,UT,Washington,27686,"31,163"
2703,VT,Rutland,15325,"45,885"
2704,VT,Rutland,4094,"45,885"
2705,VT,Addison,1337,"45,709"
2706,VT,Bennington,15002,"47,187"
2707,VT,Essex,21911,"32,250"
2708,VT,Franklin,1434,"41,083"
2709,VT,Grand Isle,2092,"52,279"
2710,VT,Orange,1105,"42,116"
2711,VT,Washington,1016,"51,829"
2712,VT,Chittenden,1190,"54,081"
2713,VT,Windham,401,"45,232"
2714,VT,Windsor,3348,"51,248"
2715,VA,Alexandria,160530,"81,336"
2716,VA,Amherst,2185,"32,995"
2717,VA,Appomattox,1792,"33,792"
2718,VA,Buchanan,1171,"32,044"
2719,VA,Chesapeake,242634,"45,248"
2720,VA,Culpeper,18619,"40,439"
2721,VA,Floyd,439,"33,906"
2722,VA,Franklin,8013,"35,700"
2723,VA,Halifax,1224,"32,437"
2724,VA,Hampton,134313,"39,178"
2725,VA,Louisa,1702,"36,872"
2726,VA,Madison,243,"46,222"
2727,VA,Newport News,178626,"39,042"
2728,VA,Norfolk,244076,"37,569"
2729,VA,Orange,5049,"42,996"
2730,VA,Portsmouth,94632,"37,238"
2731,VA,Pulaski,8726,"35,624"
2732,VA,Richmond,228783,"32,032"
2733,VA,Richmond,228783,"49,024"
2734,VA,Roanoke,99920,"39,649"
2735,VA,Shenandoah,2339,"39,354"
2736,VA,Suffolk,91185,"46,071"
2737,VA,Surry,220,"37,898"
2738,VA,Tazewell,4194,"34,146"
2739,VA,Virginia Beach,450189,"50,719"
2740,WA,Asotin,1294,"40,377"
2741,WA,Chelan,4222,"45,101"
2742,WA,Garfield,618,"40,606"
2743,WA,Kittitas,1493,"37,142"
2744,WA,Okanogan,2591,"36,553"
2745,WA,Pacific,7219,"37,554"
2746,WA,Pacific,7118,"37,554"
2747,WA,Pacific,101,"37,554"
2748,WA,Snohomish,10185,"46,896"
2749,WA,Spokane,219190,"40,028"
2750,WA,Walla Walla,32986,"39,426"
2751,WA,Yakima,93884,"37,846"
2752,WV,Clay,448,"28,882"
2753,WV,Logan,1511,"32,521"
2754,WV,Mason,938,"28,756"
2755,WV,Mason,546,"28,756"
2756,WV,Morgan,30955,"30,670"
2757,WV,Wayne,1392,"29,049"
2758,WI,Adams,1895,"34,448"
2759,WI,Adams,1320,"34,448"
2760,WI,Adams,536,"34,448"
2761,WI,Adams,1373,"34,448"
2762,WI,Ashland,7897,"35,419"
2763,WI,Ashland,7897,"35,419"
2764,WI,Ashland,578,"35,419"
2765,WI,Ashland,0,"35,419"
2766,WI,Ashland,0,"35,419"
2767,WI,Barron,3321,"42,944"
2768,WI,Barron,833,"42,944"
2769,WI,Bayfield,477,"41,456"
2770,WI,Bayfield,689,"41,456"
2771,WI,Brown,274,"46,364"
2772,WI,Eau Claire,68866,"42,914"
2773,WI,Eau Claire,2004,"42,914"
2774,WI,Eau Claire,2004,"42,914"
2775,WI,Eau Claire,66862,"42,914"
2776,WI,Eau Claire,66862,"42,914"
2777,WI,Fond du Lac,42959,"42,235"
2778,WI,Fond du Lac,4119,"42,235"
2779,WI,Green Lake,958,"43,012"
2780,WI,Green Lake,1167,"43,012"
2781,WI,Jefferson,8034,"39,794"
2782,WI,Jefferson,1237,"39,794"
2783,WI,Jefferson,2255,"39,794"
2784,WI,Jefferson,899,"39,794"
2785,WI,Jefferson,1217,"39,794"
2786,WI,Juneau,2658,"33,641"
2787,WI,Kenosha,100164,"40,171"
2788,WI,Kewaunee,2848,"43,908"
2789,WI,La Crosse,51567,"43,802"
2790,WI,Manitowoc,32627,"43,040"
2791,WI,Manitowoc,1071,"43,040"
2792,WI,Marinette,10608,"39,004"
2793,WI,Milwaukee,592025,"42,118"
2794,WI,Milwaukee,592025,"42,118"
2795,WI,Milwaukee,0,"42,118"
2796,WI,Milwaukee,0,"42,118"
2797,WI,Monroe,10567,"36,355"
2798,WI,Monroe,391,"36,355"
2799,WI,Monroe,1247,"36,355"
2800,WI,Oconto,4517,"40,612"
2801,WI,Oconto,1344,"40,612"
2802,WI,Portage,10437,"39,883"
2803,WI,Racine,77432,"42,596"
2804,WI,Sheboygan,48180,"45,449"
2805,WI,Sheboygan,7703,"45,449"
2806,WI,Washburn,2047,"42,461"
2807,WI,Washburn,535,"42,461"
2808,WI,Washburn,289,"42,461"
2809,WI,Waukesha,72549,"62,113"
2810,WI,Waukesha,8884,"62,113"
2811,WI,Waupaca,5896,"41,358"
2812,WI,Waupaca,1174,"41,358"
2813,WI,Jackson,986,"40,515"
2814,WI,Jackson,779,"40,515"
2815,WI,Jackson,4522,"40,515"
2816,WI,Lincoln,298,"39,220"
2817,WI,Lincoln,290,"39,220"
2818,WI,Lincoln,160,"39,220"
2819,WI,Lincoln,308,"39,220"
2820,WI,Lincoln,1197,"39,220"
2821,WI,Lincoln,903,"39,220"
2822,WI,Lincoln,946,"39,220"
2823,WI,Lincoln,859,"39,220"
2824,WI,Lincoln,2172,"39,220"
2825,WI,Lincoln,860,"39,220"
2826,WI,Lincoln,2470,"39,220"
2827,WI,Lincoln,1537,"39,220"
2828,WI,Chippewa,367,"41,329"
2829,WI,Buffalo,695,"40,637"
2830,WI,Buffalo,1232,"40,637"
2831,WI,Rusk,411,"38,750"
2832,WI,Rusk,514,"38,750"
2833,WI,Lafayette,5979,"41,854"
2834,WI,Lafayette,422,"41,854"
2835,WI,Lafayette,2006,"41,854"
2836,WI,Grant,930,"38,957"
2837,WI,Grant,399,"38,957"
2838,WI,Grant,500,"38,957"
2839,WI,Grant,1972,"38,957"
2840,WI,Grant,812,"38,957"
2841,WI,Grant,976,"38,957"
2842,WI,Dane,1047,"52,153"
2843,WI,Dunn,5250,"36,749"
2844,WI,Dunn,1585,"36,749"
2845,WI,Burnett,862,"37,463"
2846,WI,Washington,716,"49,977"
2847,WI,Washington,7662,"49,977"
2848,WI,Washington,834,"49,977"
2849,WI,Washington,585,"49,977"
2850,WI,Washington,340,"49,977"
2851,WI,Washington,1025,"49,977"
2852,WI,Washington,1880,"49,977"
2853,WI,Washington,1481,"49,977"
2854,WI,Florence,1951,"48,797"
2855,WI,Calumet,1483,"44,584"
2856,WI,Forest,1082,"35,826"
2857,WI,Forest,344,"35,826"
2858,WI,Forest,630,"35,826"
2859,WI,Forest,632,"35,826"
2860,WI,Marquette,537,"36,369"
2861,WI,Pierce,818,"41,714"
2862,WI,Langlade,449,"38,889"
2863,WI,Price,221,"41,312"
2864,WI,Vilas,229,"45,830"
2865,WI,Marathon,1105,"43,801"
2866,WI,Douglas,728,"37,422"
2867,WI,Oneida,4746,"44,723"
2868,WI,Pepin,717,"43,359"
2869,WI,Richland,1259,"38,365"
2870,WI,Richland,217,"38,365"
2871,WI,Rock,3211,"38,799"
2872,WI,Rock,1930,"38,799"
2873,WI,Dodge,403,"40,794"
2874,WI,Trempealeau,1880,"40,883"
2875,WI,Walworth,1713,"41,674"
2876,WI,Polk,4006,"40,951"
2877,WI,Vernon,7678,"36,839"
2878,WI,Wood,759,"41,025"
2879,WY,Laramie,32473,"49,426"
2880,WY,Sheridan,17849,"53,543"
